season,team,wins,losses,games
2022,St. Scholastica,2,7,9
2022,Greensboro,2,8,10
2022,Fort Valley State,8,2,10
2022,Notre Dame College,9,3,12
2022,Northern Iowa,6,5,11
2022,Kent State,5,7,12
2022,Wayne State (NE),9,3,12
2022,Eastern Michigan,8,4,12
2022,UL Monroe,4,8,12
2022,Colorado,1,11,12
2022,Toledo,8,5,13
2022,Ferris State,13,1,14
2022,Elon,8,4,12
2022,Texas A&M,5,7,12
2022,Utah,10,3,13
2022,Maryland,7,5,12
2022,Tarleton State,6,5,11
2022,Bethel (MN),10,2,12
2022,Saint Vincent,5,5,10
2022,Georgia Tech,5,7,12
2022,Ole Miss,8,4,12
2022,Defiance College,3,7,10
2022,Kenyon,2,7,9
2022,Manchester,1,9,10
2022,Shaw,3,6,9
2022,Buena Vista,4,6,10
2022,Coastal Carolina,9,3,12
2022,Valparaiso,5,7,12
2022,Monmouth (IL),8,2,10
2022,Washington State,7,5,12
2022,Rutgers,4,8,12
2022,Coe,7,3,10
2022,New Mexico Highlands,3,7,10
2022,Wisconsin Eau Claire,2,8,10
2022,North Park,1,8,10
2022,Morgan State,4,7,11
2022,Georgia,13,0,13
2022,Stonehill,4,5,9
2022,Mississippi Valley State,2,9,11
2022,Mercer,7,4,11
2022,Millersville,5,6,11
2022,Hanover,5,5,10
2022,Minnesota,8,4,12
2022,Wisconsin Platteville,5,5,10
2022,Hampton,4,7,11
2022,Franklin,4,6,10
2022,Alderson-Broaddus,0,11,11
2022,Upper Iowa,1,10,11
2022,La Verne,2,8,10
2022,UT Martin,7,4,11
2022,BYU,7,5,12
2022,Oregon,9,3,12
2022,Western Kentucky,8,5,13
2022,South Dakota,3,8,11
2022,Salisbury,9,2,11
2022,San Diego,5,5,11
2022,Youngstown State,7,4,11
2022,Abilene Christian,7,4,11
2022,Dayton,8,3,11
2022,Austin Peay,7,4,11
2022,New Haven,8,3,11
2022,Bentley,7,3,10
2022,Beloit,1,9,10
2022,Fayetteville State,8,3,11
2022,King's,8,2,10
2022,Rochester (NY),3,7,10
2022,Capital,0,10,10
2022,Middle Tennessee,7,5,12
2022,Southern Utah,5,6,11
2022,Chattanooga,7,4,11
2022,Washington & Jefferson,8,2,10
2022,Anna Maria College,5,4,9
2022,Lake Erie,2,9,11
2022,Northwestern State,4,7,11
2022,Carthage,3,7,10
2022,Minnesota State,10,3,13
2022,Alvernia,3,7,10
2022,Kalamazoo,3,7,10
2022,Averett,3,6,9
2022,Lewis & Clark,4,5,9
2022,Jacksonville State,9,2,11
2022,Louisville,7,5,12
2022,Alfred,2,8,10
2022,Wisconsin,6,6,12
2022,Kentucky Wesleyan,2,9,11
2022,Winona State,8,4,12
2022,Oberlin,0,10,10
2022,Post,0,9,9
2022,Maine,2,9,11
2022,Miami,5,7,12
2022,Southern Nazarene,5,6,11
2022,Limestone,8,4,12
2022,Oklahoma State,7,5,12
2022,South Alabama,10,2,12
2022,Southern,7,5,12
2022,Slippery Rock,10,3,13
2022,DePauw,9,2,11
2022,Merchant Marine,6,3,9
2022,Oklahoma,6,6,12
2022,Hamilton,2,7,9
2022,Temple,3,9,12
2022,Bloomsburg,3,8,11
2022,Sul Ross State,4,6,10
2022,Juniata,0,10,10
2022,Boise State,9,4,13
2022,Presbyterian,1,10,11
2022,Husson,5,5,10
2022,Idaho State,1,10,11
2022,Pennsylvania,8,2,10
2022,Chapman,7,3,10
2022,Concordia Chicago,3,7,10
2022,Heidelberg,7,3,10
2022,Missouri Southern State,4,7,11
2022,Hampden Sydney,5,5,10
2022,University of Mary,2,9,11
2022,Texas Southern,5,6,11
2022,Sacred Heart,5,6,11
2022,Michigan Tech,4,7,11
2022,Kennesaw State,5,6,11
2022,Adams State,2,9,11
2022,Johnson C. Smith,2,7,10
2022,Dean,1,9,10
2022,Davidson,8,4,12
2022,Lafayette,4,7,11
2022,Lindenwood,7,3,10
2022,Northwestern (OK),1,10,11
2022,Washington St. Louis,8,2,10
2022,Apprentice School,0,1,1
2022,Wyoming,7,5,12
2022,Findlay,7,4,11
2022,Gardner-Webb,7,6,13
2022,Edward Waters,5,6,11
2022,South Dakota State,12,1,13
2022,Augustana (IL),5,5,10
2022,Stevenson,8,2,10
2022,Navy,4,8,12
2022,Northwest Missouri State,10,3,13
2022,Stetson,4,6,11
2022,Saint Anselm,6,4,10
2022,Cincinnati,9,3,12
2022,North Central College,14,0,14
2022,Brockport,7,3,10
2022,Hardin Simmons,9,2,11
2022,Tulane,11,2,13
2022,Rensselaer,7,3,10
2022,The College of New Jersey,3,6,9
2022,Bethune-Cookman,2,9,11
2022,North Texas,7,6,13
2022,Georgia Southern,6,6,12
2022,John Carroll,8,2,10
2022,Texas A&M-Kingsville,7,4,11
2022,New Mexico State,6,6,12
2022,Louisiana,6,6,12
2022,Delaware Valley,12,1,13
2022,Macalester,4,5,9
2022,Bowling Green,6,6,12
2022,Rowan,7,3,10
2022,Central Oklahoma,6,5,11
2022,Amherst,2,7,9
2022,Sacramento State,12,1,13
2022,Ursinus,8,2,10
2022,Assumption,7,3,10
2022,IU Pennsylvania,10,2,12
2022,Notre Dame,8,4,12
2022,Dartmouth,3,7,10
2022,Simon Fraser,1,8,9
2022,Princeton,8,2,10
2022,Southwest Minnesota State,4,7,11
2022,Carnegie Mellon,10,1,12
2022,LSU,9,4,13
2022,Midwestern State,6,5,11
2022,Saginaw Valley State,8,3,11
2022,Missouri,6,6,12
2022,Gallaudet,7,3,10
2022,St. Lawrence,4,6,10
2022,West Florida,12,2,14
2022,Memphis,6,6,12
2022,Florida,6,6,12
2022,Lakeland,3,7,10
2022,San José State,7,4,11
2022,Wayne State (MI),1,9,10
2022,Western Connecticut State,7,3,10
2022,Wisconsin Stevens Point,1,9,10
2022,Northwestern,1,11,12
2022,Clemson,11,2,13
2022,Middlebury,7,2,9
2022,Wesleyan (CT),5,3,8
2022,Illinois Wesleyan,5,4,10
2022,Minnesota Duluth,8,3,11
2022,Truman State,8,2,10
2022,Houston Christian,2,9,11
2022,Alabama State,6,5,11
2022,Northwestern (MN),6,5,11
2022,Montana State,12,1,13
2022,Gannon,8,3,11
2022,Arkansas State,3,9,12
2022,Villanova,6,5,11
2022,Robert Morris,0,11,11
2022,Adrian,6,4,10
2022,Florida Atlantic,5,7,12
2022,Wartburg,13,1,14
2022,South Carolina,8,4,12
2022,Sam Houston,5,4,9
2022,Wisconsin Whitewater,8,3,11
2022,Harding,9,2,11
2022,LaGrange,1,8,9
2022,Wisconsin Oshkosh,6,4,10
2022,Mars Hill,7,3,10
2022,Indiana,4,8,12
2022,Hiram,3,7,10
2022,Arkansas Tech,5,6,11
2022,Austin,1,9,10
2022,Berry,7,3,10
2022,SUNY Cortland,9,2,11
2022,San Diego State,7,5,12
2022,Gettysburg,1,9,10
2022,Western Colorado,7,4,11
2022,Texas Lutheran,4,6,10
2022,McMurry,1,9,10
2022,UVA Wise,2,9,11
2022,East Texas Baptist,5,5,10
2022,Shippensburg,5,6,11
2022,Northern Michigan,4,7,11
2022,Glenville State,7,4,11
2022,Hartwick,2,8,10
2022,Elizabeth City State,2,7,9
2022,Shorter,3,8,11
2022,Florida International,4,8,12
2022,UMass Dartmouth,9,2,11
2022,Marist,4,7,11
2022,Charleston (WV),6,5,11
2022,Butler,7,4,11
2022,Northern Arizona,3,8,11
2022,VMI,1,10,11
2022,Samford,11,2,13
2022,Wilkes,7,3,10
2022,Kentucky,7,5,12
2022,Fort Lewis,0,10,10
2022,Washburn,7,4,11
2022,Benedict,11,1,12
2022,Nebraska,4,8,12
2022,Troy,11,2,13
2022,UAB,6,6,12
2022,Wisconsin Lutheran,4,6,10
2022,Illinois,8,4,12
2022,South Carolina State,3,8,11
2022,CSU Pueblo,8,4,12
2022,Nichols,4,6,10
2022,Towson,6,5,11
2022,Central Michigan,4,8,12
2022,Chowan,6,3,9
2022,West Virginia Wesleyan,1,10,11
2022,Wilmington (OH),3,7,10
2022,North Carolina Wesleyan,3,7,10
2022,Louisiana Tech,3,9,12
2022,St. John Fisher,4,6,10
2022,UNLV,5,7,12
2022,Iowa State,4,8,12
2022,Lane College,5,5,10
2022,Gustavus Adolphus,6,3,9
2022,Susquehanna,10,1,11
2022,Norwich,3,7,10
2022,Grinnell,2,6,8
2022,Wake Forest,7,5,12
2022,Hobart,7,3,10
2022,Charleston Southern,2,8,10
2022,St. Norbert,7,3,10
2022,Kean,3,7,10
2022,Alma,11,1,12
2022,Ohio State,11,1,12
2022,Norfolk State,2,9,11
2022,Lycoming,4,6,10
2022,Auburn,5,7,12
2022,Ohio,9,4,13
2022,Knox,5,5,10
2022,Eureka,2,8,10
2022,Purdue,8,5,13
2022,Campbell,5,6,11
2022,Redlands,4,6,10
2022,Augsburg,6,3,9
2022,Incarnate Word,12,1,13
2022,Franklin & Marshall,6,4,10
2022,West Chester,7,4,11
2022,Linfield,10,1,11
2022,Finlandia University,0,10,10
2022,Minnesota St Moorhead,4,7,11
2022,Quincy,4,7,11
2022,Tennessee,10,2,12
2022,Olivet,5,5,10
2022,Keystone,3,7,10
2022,Arkansas Monticello,3,8,11
2022,McNeese,4,7,11
2022,Hope,6,4,10
2022,Miles,1,9,10
2022,UTEP,5,7,12
2022,Rhodes,5,5,10
2022,Washington,10,2,12
2022,Missouri State,5,6,11
2022,Army,6,6,12
2022,Southwestern U,2,8,10
2022,Richmond,9,4,13
2022,Tennessee State,4,7,11
2022,Duquesne,4,7,11
2022,Westminster (MO),1,9,10
2022,East Texas A&M,5,6,11
2022,FDU Florham,6,4,10
2022,Indiana State,2,9,11
2022,Bethany (WV),1,8,9
2022,Springfield,9,3,12
2022,Southeast Missouri State,9,3,12
2022,Eastern Kentucky,7,5,12
2022,Wisconsin La Crosse,9,2,11
2022,Southwest Baptist,6,5,11
2022,Ashland,10,2,12
2022,Bridgewater,9,1,10
2022,Eastern Washington,3,8,11
2022,Emory & Henry,5,6,11
2022,Monmouth,5,6,11
2022,Allen,1,8,10
2022,Virginia Tech,3,8,11
2022,Clarion,3,8,11
2022,Stony Brook,2,9,11
2022,Nebraska Kearney,8,3,11
2022,Lehigh,2,9,11
2022,Case Western Reserve,6,4,10
2022,Boston College,3,9,12
2022,Valdosta State,5,6,11
2022,Eastern New Mexico,3,8,11
2022,Fitchburg State,1,9,10
2022,Grand Valley State,12,1,13
2022,Long Island University,4,7,11
2022,Southern Virginia,1,9,10
2022,Concord,9,2,11
2022,Sioux Falls,8,3,11
2022,Johns Hopkins,9,1,10
2022,East Stroudsburg,4,7,11
2022,Buffalo State,0,10,10
2022,Tufts,6,3,9
2022,Hawai'i,3,10,13
2022,Franklin Pierce,2,8,10
2022,Barton,4,7,11
2022,Syracuse,7,5,12
2022,Bowie State,6,4,10
2022,Massachusetts,1,11,12
2022,Mount St Joseph,10,1,11
2022,Plymouth State,8,2,10
2022,Ferrum,1,9,10
2022,Centre,6,4,10
2022,North Carolina Central,9,2,11
2022,Yale,8,2,10
2022,East Tennessee State,3,8,11
2022,Furman,10,3,13
2022,Kansas,6,6,12
2022,Nicholls,3,8,11
2022,Virginia Union,9,2,11
2022,Henderson State,8,3,11
2022,Albright,0,10,10
2022,Lenoir Rhyne,8,3,11
2022,Baldwin Wallace,7,3,10
2022,Central State,3,7,10
2022,California (PA),6,5,11
2022,Curry,3,7,10
2022,Union,6,4,10
2022,Lake Forest,8,2,10
2022,Mary Hardin Baylor,12,2,14
2022,Prairie View A&M,6,5,11
2022,Nebraska Wesleyan,1,9,10
2022,North Dakota,7,5,12
2022,Illinois College,5,4,9
2022,Hendrix,3,7,10
2022,Holy Cross,12,1,13
2022,Fairmont State,3,8,11
2022,New England,5,5,10
2022,St. Augustine's,1,8,9
2022,Wisconsin Stout,5,5,10
2022,Hillsdale,5,6,11
2022,Tiffin,6,4,10
2022,Ohio Northern,3,7,10
2022,Wisconsin River Falls,6,4,10
2022,Iowa,7,5,12
2022,Colorado Mesa,4,6,10
2022,Whittier,0,9,9
2022,Pace,6,4,10
2022,Brown,3,7,10
2022,Utah State,6,6,12
2022,Ohio Dominican,7,3,10
2022,Southwestern Oklahoma State,4,7,11
2022,Cal Lutheran,4,6,10
2022,Mass Maritime,3,7,10
2022,Guilford,1,9,10
2022,Wabash,6,3,9
2022,Southern Arkansas,5,6,11
2022,Texas State,4,8,12
2022,Georgetown,2,9,11
2022,Southern Miss,6,6,12
2022,Alabama,10,2,12
2022,Davenport,8,3,11
2022,Merrimack,8,3,11
2022,Denison,8,2,10
2022,Fort Hays,3,8,11
2022,SUNY Maritime,3,7,10
2022,Edinboro,5,6,11
2022,Misericordia,3,7,10
2022,Virginia,3,7,10
2022,Lincoln (MO),0,11,11
2022,Frostburg State,8,3,11
2022,Utah Tech,4,7,11
2022,Claremont Mudd Scripps,7,2,9
2022,Mount Union,14,0,14
2022,North Carolina,9,4,13
2022,Lincoln (PA),2,7,10
2022,Oregon State,9,3,12
2022,Grove City,7,3,10
2022,East Central,8,3,11
2022,McKendree,5,6,11
2022,Wagner,1,10,11
2022,Bluffton,2,8,10
2022,Wheeling,7,4,11
2022,Huntingdon,9,2,11
2022,Portland State,4,7,11
2022,Ball State,5,7,12
2022,Bridgewater State,6,4,10
2022,Bates,3,6,9
2022,Northern Colorado,3,8,11
2022,Martin Luther,2,8,10
2022,Winston-Salem State,3,6,10
2022,Hamline,2,7,9
2022,Lock Haven,1,10,11
2022,UC Davis,6,5,11
2022,Clark Atlanta,3,7,10
2022,Kentucky State,4,6,10
2022,Coast Guard,3,7,10
2022,Millsaps,3,7,10
2022,Tulsa,5,7,12
2022,Vanderbilt,5,7,12
2022,UConn,6,6,12
2022,South Florida,1,11,12
2022,Lawrence,0,10,10
2022,Indianapolis,9,2,11
2022,Delaware,8,5,13
2022,Concordia (MN),4,4,8
2022,Nevada,2,10,12
2022,Florida A&M,9,2,11
2022,Buffalo,6,6,12
2022,Carleton,6,3,9
2022,Alabama A&M,4,7,11
2022,Greenville,7,3,10
2022,Harvard,6,4,10
2022,Pittsburg State,12,1,13
2022,Colorado State,3,9,12
2022,West Texas,5,6,11
2022,St. Olaf,4,5,9
2022,Allegheny,2,7,9
2022,USC,11,2,13
2022,Catholic,6,4,10
2022,St. Thomas (MN),10,1,11
2022,SUNY Morrisville,7,3,10
2022,Bluefield State,3,4,8
2022,Oklahoma Baptist,1,10,11
2022,Crown,4,6,10
2022,Erskine,2,9,11
2022,Augustana (SD),7,4,11
2022,Weber State,10,3,13
2022,App State,6,6,12
2022,Randolph Macon,11,1,12
2022,Shenandoah,8,2,10
2022,Houston,7,5,12
2022,West Liberty,4,7,11
2022,Emporia State,8,3,11
2022,North Greenville,3,8,11
2022,Bryant,4,7,11
2022,Vermont State Castleton,5,5,10
2022,West Virginia,5,7,12
2022,Muskingum,5,5,10
2022,Colorado School of Mines,13,2,15
2022,Akron,2,10,12
2022,Trine,7,3,10
2022,Charlotte,3,9,12
2022,Baylor,6,6,12
2022,UCLA,9,3,12
2022,Rice,5,7,12
2022,Ithaca,12,1,13
2022,Thiel,1,9,10
2022,Central Washington,6,4,10
2022,Mississippi College,4,7,11
2022,Endicott,10,1,11
2022,TCU,12,1,13
2022,Stephen F. Austin,6,5,11
2022,McDaniel,3,7,10
2022,South Dakota Mines,7,4,11
2022,William Jewell,2,9,11
2022,Northwood,4,7,11
2022,Pomona Pitzer,8,3,11
2022,Ouachita Baptist,11,1,12
2022,UCF,9,4,13
2022,North Alabama,1,10,11
2022,North Carolina A&T,7,4,11
2022,Livingstone,4,6,10
2022,Mississippi State,8,4,12
2022,Texas,8,4,12
2022,Loras,5,5,10
2022,Grambling,3,8,11
2022,Michigan,13,0,13
2022,Minnesota Morris,4,6,10
2022,Saint John's (MN),9,2,11
2022,Carson Newman,6,5,11
2022,Whitworth,6,4,10
2022,Bowdoin,3,6,9
2022,Waynesburg,4,6,10
2022,UT Permian Basin,5,6,11
2022,Benedictine (IL),7,3,10
2022,Willamette,2,8,10
2022,Anderson (IN),1,9,10
2022,Dubuque,6,4,10
2022,Kansas State,10,3,13
2022,Howard Payne,7,3,10
2022,New Mexico,2,10,12
2022,Williams,3,5,8
2022,Northeastern State,1,10,11
2022,Concordia (WI),8,2,10
2022,Lebanon Valley,5,5,10
2022,UNC Pembroke,5,6,11
2022,Liberty,8,4,12
2022,Eastern Illinois,2,9,11
2022,Montana,8,5,13
2022,Jackson State,12,0,12
2022,Missouri Western,5,6,11
2022,Millikin,4,6,10
2022,Colby,4,5,9
2022,Albany State,7,3,10
2022,Montclair State,2,8,10
2022,Ripon,9,1,10
2022,Pacific (OR),5,4,9
2022,Western Oregon,6,5,11
2022,Western New England,4,6,10
2022,Marietta,6,4,10
2022,Central Arkansas,5,6,11
2022,Washington and Lee,5,5,10
2022,Bemidji State,10,3,13
2022,Rhode Island,7,4,11
2022,UTSA,11,2,13
2022,Western Illinois,0,11,11
2022,Chadron State,3,8,11
2022,Christopher Newport,7,2,9
2022,Belhaven,8,2,10
2022,Cornell,5,5,10
2022,Methodist,5,5,10
2022,Simpson (IA),1,8,9
2022,Aurora,11,2,13
2022,Old Dominion,3,9,12
2022,Southeastern Oklahoma State,6,5,11
2022,Wingate,11,3,14
2022,Westfield State,2,8,10
2022,Duke,8,4,12
2022,Elmhurst,0,10,10
2022,Wheaton (IL),8,3,11
2022,Central Missouri,4,7,11
2022,Marshall,8,4,12
2022,Florida State,9,3,12
2022,Black Hills State,7,4,11
2022,Maryville (TN),5,5,10
2022,American International,1,9,10
2022,Western New Mexico,6,5,11
2022,Worcester State,1,9,10
2022,Saint Francis,9,3,12
2022,Idaho,7,5,12
2022,SE Louisiana,9,4,13
2022,Ohio Wesleyan,6,4,10
2022,Widener,3,7,10
2022,Alcorn State,5,6,11
2022,Colgate,3,8,11
2022,North Dakota State,11,2,13
2022,Arizona,5,7,12
2022,Penn State,10,2,12
2022,Wittenberg,5,5,10
2022,Birmingham-Southern,7,3,10
2022,Minot State,1,10,11
2022,Seton Hill,2,9,11
2022,Rose Hulman,6,4,10
2022,Virginia State,6,4,10
2022,Bucknell,3,8,11
2022,Shepherd,14,1,15
2022,New Hampshire,9,4,13
2022,The Citadel,4,7,11
2022,Morehouse,1,9,10
2022,Brevard,5,4,9
2022,Alfred State,5,5,10
2022,MIT,3,6,9
2022,Newberry,9,2,11
2022,Arkansas-Pine Bluff,3,8,11
2022,Westminster (PA),7,2,10
2022,Mercyhurst,2,9,11
2022,Utica,10,2,12
2022,Tuskegee,8,3,11
2022,William Paterson,5,5,10
2022,William & Mary,11,2,13
2022,Kutztown,8,3,11
2022,Drake,3,8,11
2022,Miami (OH),6,6,12
2022,Wofford,3,8,11
2022,Luther,2,8,10
2022,Western Michigan,5,7,12
2022,Moravian,3,7,10
2022,Missouri S&T,3,7,10
2022,WPI,4,6,10
2022,Northern Illinois,3,9,12
2022,Fordham,9,3,12
2022,Angelo State,12,1,13
2022,Geneva,3,7,10
2022,Western Carolina,6,5,11
2022,Trinity (TX),11,1,12
2022,Morehead State,2,9,11
2022,Illinois State,6,5,11
2022,Michigan State,5,7,12
2022,SMU,7,5,12
2022,Southern Illinois,5,6,11
2022,Southern Connecticut State,3,8,11
2022,Delaware State,5,6,11
2022,Concordia St. Paul,1,10,11
2022,Albion,9,1,10
2022,Catawba,1,10,11
2022,Cornell (IA),3,7,10
2022,Dickinson,3,7,10
2022,Tusculum,8,3,11
2022,Northern State,6,5,11
2022,West Georgia,8,2,10
2022,Framingham State,5,5,10
2022,Salve Regina,6,4,10
2022,Puget Sound,1,8,9
2022,Murray State,2,9,11
2022,Hilbert,0,7,7
2022,Chicago,7,2,9
2022,Carroll (WI),6,4,10
2022,Columbia,6,4,10
2022,Sewanee,2,8,10
2022,Central College,7,3,10
2022,Wooster,6,4,10
2022,James Madison,8,3,11
2022,Pacific Lutheran,6,4,10
2022,Lamar,1,10,11
2022,West Virginia State,7,4,11
2022,Otterbein,2,8,10
2022,Muhlenberg,6,4,10
2022,Savannah State,5,4,9
2022,Air Force,9,3,12
2022,UAlbany,3,8,11
2022,Rockford,1,9,10
2022,Walsh,1,9,10
2022,Georgia State,4,8,12
2022,Trinity (CT),9,0,9
2022,Cal Poly,2,9,11
2022,Pittsburgh,8,4,12
2022,Central Connecticut,2,9,11
2022,Delta State,11,2,13
2022,Tennessee Tech,4,7,11
2022,Fresno State,9,4,13
2022,West Alabama,5,6,11
2022,Howard,5,6,11
2022,George Fox,8,2,10
2022,NC State,8,4,12
2022,Stanford,3,9,12
2022,Arizona State,3,9,12
2022,California,4,8,12
2022,Arkansas,6,6,12
2022,East Carolina,7,5,12
2022,Texas Tech,7,5,12
2023,St. Scholastica,2,7,9
2023,Greensboro,2,8,10
2023,Fort Valley State,7,3,10
2023,Notre Dame College,7,3,10
2023,SUNY Maritime,5,5,10
2023,Northern Iowa,6,5,11
2023,BYU,5,7,12
2023,Kent State,1,11,12
2023,Wayne State (NE),8,3,11
2023,UL Monroe,2,10,12
2023,Eastern Michigan,6,6,12
2023,Colorado,4,8,12
2023,Toledo,11,2,13
2023,Eastern Kentucky,5,6,11
2023,Ferris State,8,2,10
2023,Elon,6,5,11
2023,Texas A&M,7,5,12
2023,Utah,8,4,12
2023,Wilkes,4,6,10
2023,Maryland,7,5,12
2023,Bethel (MN),7,2,9
2023,Saint Vincent,3,7,10
2023,Georgia Tech,6,6,12
2023,Ole Miss,10,2,12
2023,Defiance College,4,6,10
2023,Kenyon,2,8,10
2023,Manchester,1,9,10
2023,Shaw,3,7,10
2023,Buena Vista,2,8,10
2023,Valparaiso,3,8,11
2023,Coastal Carolina,7,5,12
2023,Monmouth (IL),8,2,10
2023,Washington State,5,7,12
2023,Rutgers,6,6,12
2023,Coe,9,1,10
2023,New Mexico Highlands,2,9,11
2023,Wisconsin Eau Claire,2,8,10
2023,North Park,5,5,10
2023,Robert Morris,4,7,11
2023,Morgan State,4,6,11
2023,Georgia,12,1,13
2023,Stonehill,5,5,10
2023,Mississippi Valley State,1,10,11
2023,Mercer,8,3,11
2023,Millersville,3,8,11
2023,Hanover,7,3,10
2023,Minnesota,5,7,12
2023,Wisconsin Platteville,6,4,10
2023,Hampton,5,6,11
2023,Franklin,4,6,10
2023,Alderson-Broaddus,0,0,5
2023,Upper Iowa,3,8,11
2023,New Mexico State,10,4,14
2023,La Verne,1,8,9
2023,Oregon,11,2,13
2023,Western Kentucky,7,5,12
2023,South Dakota,9,2,11
2023,Salisbury,6,4,10
2023,San Diego,4,7,11
2023,Youngstown State,7,4,11
2023,Dayton,4,7,11
2023,New Haven,8,2,10
2023,Bentley,6,4,10
2023,Charleston Southern,4,7,11
2023,Beloit,2,8,10
2023,Fayetteville State,8,2,10
2023,King's,8,2,10
2023,Rochester (NY),5,5,10
2023,Capital,1,9,10
2023,Middle Tennessee,4,8,12
2023,Chattanooga,7,4,11
2023,Washington & Jefferson,8,2,10
2023,Anna Maria College,5,4,9
2023,Lake Erie,1,10,11
2023,Northwestern State,0,11,11
2023,Carthage,3,7,10
2023,Minnesota State,9,2,11
2023,Alvernia,1,9,10
2023,Carroll (WI),5,5,10
2023,Kalamazoo,5,5,10
2023,Averett,5,5,10
2023,Keystone,2,8,10
2023,Lewis & Clark,5,5,10
2023,Louisville,10,3,13
2023,Alfred,4,6,10
2023,Wisconsin,7,5,12
2023,Kentucky Wesleyan,4,7,11
2023,Winona State,5,6,11
2023,Oberlin,1,9,10
2023,Post,1,8,9
2023,Maine,2,9,11
2023,Miami,7,5,12
2023,Southern Nazarene,6,5,11
2023,Limestone,8,3,11
2023,Oklahoma State,9,4,13
2023,South Alabama,6,6,12
2023,Southern,6,5,11
2023,Slippery Rock,10,1,11
2023,DePauw,10,0,10
2023,Merchant Marine,7,2,9
2023,Oklahoma,10,2,12
2023,Hamilton,3,6,9
2023,Temple,3,9,12
2023,Bloomsburg,3,8,11
2023,Sul Ross State,4,6,10
2023,Boise State,8,5,13
2023,Presbyterian,4,7,11
2023,Husson,7,3,10
2023,Idaho State,3,8,11
2023,Pennsylvania,6,4,10
2023,North Texas,5,7,12
2023,Chapman,5,3,9
2023,Concordia Chicago,1,9,10
2023,Heidelberg,6,4,10
2023,Campbell,5,6,11
2023,Missouri Southern State,5,6,11
2023,Hampden Sydney,6,4,10
2023,University of Mary,2,9,11
2023,Texas Southern,3,8,11
2023,Michigan Tech,5,5,10
2023,Sacred Heart,2,9,11
2023,Jacksonville State,8,4,12
2023,Adams State,3,8,11
2023,Johnson C. Smith,7,3,10
2023,Dean,2,8,10
2023,Davidson,7,4,11
2023,Lafayette,9,2,11
2023,Northwestern (OK),1,10,11
2023,Washington St. Louis,7,3,10
2023,Apprentice School,1,3,4
2023,Wyoming,8,4,12
2023,Findlay,7,4,11
2023,Edward Waters,6,4,10
2023,South Dakota State,11,0,11
2023,Augustana (IL),8,2,10
2023,Stevenson,7,3,10
2023,Navy,5,7,12
2023,Northwest Missouri State,7,4,11
2023,Saint Anselm,6,4,10
2023,Stetson,3,8,11
2023,North Central College,10,0,10
2023,Brockport,8,2,10
2023,Hardin Simmons,9,1,10
2023,The College of New Jersey,5,5,11
2023,Rensselaer,7,3,10
2023,Tulane,11,2,13
2023,Bethune-Cookman,3,8,11
2023,Georgia Southern,6,6,12
2023,John Carroll,8,2,10
2023,Texas A&M-Kingsville,7,3,10
2023,Louisiana,6,6,12
2023,Delaware Valley,9,1,10
2023,Macalester,2,7,9
2023,Bowling Green,7,5,12
2023,Rowan,5,5,10
2023,Central Oklahoma,5,6,11
2023,Amherst,4,5,9
2023,Sacramento State,7,4,11
2023,Ursinus,7,3,10
2023,Assumption,5,5,10
2023,IU Pennsylvania,6,5,11
2023,Oklahoma Panhandle,0,1,1
2023,Murray State,2,9,11
2023,Notre Dame,9,3,12
2023,Dartmouth,6,4,10
2023,Princeton,5,5,10
2023,Southwest Minnesota State,2,9,11
2023,Lindenwood,3,7,10
2023,Carnegie Mellon,9,1,10
2023,LSU,9,3,12
2023,Midwestern State,4,6,10
2023,Saginaw Valley State,6,5,11
2023,Missouri,10,2,12
2023,Gallaudet,4,5,9
2023,St. Lawrence,3,7,10
2023,West Florida,8,3,11
2023,Memphis,9,3,12
2023,Florida,5,7,12
2023,Lakeland,4,6,10
2023,San José State,7,5,12
2023,Wayne State (MI),3,8,11
2023,Western Connecticut State,7,2,9
2023,Tennessee Tech,4,7,11
2023,Concordia St. Paul,3,8,11
2023,Wisconsin Stevens Point,1,9,10
2023,Northwestern,7,5,12
2023,Clemson,8,4,12
2023,Middlebury,7,1,8
2023,Wesleyan (CT),6,3,9
2023,Illinois Wesleyan,3,7,10
2023,North Carolina A&T,1,10,11
2023,Minnesota Duluth,9,2,11
2023,Truman State,9,2,11
2023,Houston Christian,6,5,11
2023,Alabama State,7,4,11
2023,Utah Tech,2,9,11
2023,Northwestern (MN),6,4,10
2023,Montana State,8,3,11
2023,Gannon,5,6,11
2023,Arkansas State,6,6,12
2023,Villanova,9,2,11
2023,Adrian,1,9,10
2023,Wartburg,10,0,10
2023,South Carolina,5,7,12
2023,Wisconsin Whitewater,9,1,10
2023,Harding,11,0,11
2023,LaGrange,0,9,9
2023,Wisconsin Oshkosh,6,4,10
2023,Mars Hill,8,2,10
2023,Indiana,3,9,12
2023,Hiram,1,9,10
2023,Stephen F. Austin,3,8,11
2023,Arkansas Tech,5,6,11
2023,Austin,1,9,10
2023,Berry,9,1,10
2023,SUNY Cortland,9,1,10
2023,San Diego State,4,8,12
2023,Tennessee State,6,5,11
2023,Gettysburg,2,8,10
2023,Western Colorado,10,1,11
2023,Texas Lutheran,2,8,10
2023,McMurry,6,4,10
2023,UVA Wise,2,9,11
2023,East Texas Baptist,5,5,10
2023,Shippensburg,3,8,11
2023,Northern Michigan,0,11,11
2023,Glenville State,6,4,11
2023,Hartwick,1,9,10
2023,Elizabeth City State,3,7,10
2023,Shorter,3,8,11
2023,Florida International,4,8,12
2023,UMass Dartmouth,9,1,10
2023,Marist,4,7,11
2023,Charleston (WV),9,1,10
2023,Butler,7,4,11
2023,Northern Arizona,5,6,11
2023,VMI,5,6,11
2023,Samford,6,5,11
2023,Eastern,2,8,10
2023,Kentucky,7,5,12
2023,Fort Lewis,0,11,11
2023,Washburn,2,9,11
2023,Benedict,10,0,10
2023,Nebraska,5,7,12
2023,Troy,11,2,13
2023,Wisconsin Lutheran,4,6,10
2023,Austin Peay,9,2,11
2023,Illinois,5,7,12
2023,South Carolina State,5,6,11
2023,Nichols,3,7,10
2023,CSU Pueblo,8,3,11
2023,Towson,5,6,11
2023,Central Michigan,5,7,12
2023,UCF,6,6,12
2023,West Virginia Wesleyan,0,10,11
2023,Wilmington (OH),3,7,10
2023,North Carolina Wesleyan,4,6,10
2023,Louisiana Tech,3,9,12
2023,St. John Fisher,5,5,10
2023,UNLV,9,4,13
2023,Iowa State,7,5,12
2023,Lane College,2,8,10
2023,Gustavus Adolphus,6,3,9
2023,Norwich,1,9,10
2023,Grinnell,2,8,10
2023,Wake Forest,4,8,12
2023,Hobart,8,2,10
2023,St. Norbert,7,3,10
2023,Kean,0,10,10
2023,Alma,10,0,10
2023,Ohio State,11,1,12
2023,Norfolk State,3,8,11
2023,Auburn,6,6,12
2023,Ohio,9,3,12
2023,Knox,3,7,10
2023,Eureka,4,6,10
2023,Purdue,4,8,12
2023,Redlands,5,4,9
2023,Augsburg,6,3,9
2023,Gardner-Webb,7,4,11
2023,Incarnate Word,9,2,11
2023,Franklin & Marshall,7,3,11
2023,West Chester,6,5,11
2023,Linfield,8,1,9
2023,Minnesota St Moorhead,7,4,11
2023,Quincy,6,5,11
2023,Tennessee,8,4,12
2023,Olivet,4,6,10
2023,Arkansas Monticello,2,9,11
2023,McNeese,1,10,11
2023,Hope,8,2,10
2023,Chowan,0,10,10
2023,UTEP,3,9,12
2023,Miles,7,3,10
2023,Rhodes,6,4,10
2023,Washington,13,0,13
2023,Missouri State,4,7,11
2023,Army,6,6,12
2023,Richmond,8,3,11
2023,Duquesne,7,4,11
2023,Westminster (MO),1,8,9
2023,East Texas A&M,2,9,11
2023,FDU Florham,5,5,10
2023,Indiana State,1,10,11
2023,Houston,4,8,12
2023,Bethany (WV),0,10,10
2023,Springfield,9,1,10
2023,North Alabama,3,8,11
2023,Wisconsin La Crosse,9,1,10
2023,Eastern Illinois,8,3,11
2023,Southwest Baptist,4,7,11
2023,Ashland,8,3,11
2023,Bridgewater,7,3,10
2023,Eastern Washington,4,7,11
2023,Emory & Henry,5,6,11
2023,Monmouth,4,7,11
2023,Allen,7,3,10
2023,Virginia Tech,6,6,12
2023,Clarion,2,9,11
2023,Stony Brook,0,10,11
2023,Nebraska Kearney,3,8,11
2023,Lehigh,2,9,11
2023,Case Western Reserve,7,3,10
2023,Boston College,6,6,12
2023,Catholic,5,5,10
2023,Sam Houston,3,9,12
2023,Valdosta State,10,1,11
2023,Eastern New Mexico,5,6,11
2023,Moravian,4,6,10
2023,Fitchburg State,0,10,10
2023,Grand Valley State,9,1,10
2023,Long Island University,4,7,11
2023,Southern Virginia,1,9,10
2023,Concord,1,10,11
2023,Sioux Falls,3,8,11
2023,Johns Hopkins,10,0,10
2023,Buffalo State,2,8,10
2023,East Stroudsburg,9,2,11
2023,Tufts,6,3,9
2023,Hawai'i,5,8,13
2023,Franklin Pierce,4,6,10
2023,Barton,6,5,11
2023,Syracuse,6,6,12
2023,Bowie State,6,4,10
2023,Massachusetts,3,9,12
2023,Mount St Joseph,9,1,10
2023,Plymouth State,4,6,10
2023,Susquehanna,10,0,10
2023,Ferrum,3,7,10
2023,Centre,6,4,10
2023,North Carolina Central,9,2,11
2023,Yale,7,3,10
2023,East Tennessee State,3,8,11
2023,Furman,9,2,11
2023,Kansas,8,4,12
2023,Nicholls,7,4,11
2023,Virginia Union,9,1,10
2023,Henderson State,9,2,11
2023,Albright,0,10,10
2023,Lenoir Rhyne,10,1,11
2023,Baldwin Wallace,6,4,10
2023,Central State,5,5,10
2023,California (PA),7,3,11
2023,Union,9,1,10
2023,Curry,3,7,10
2023,Tarleton State,8,3,11
2023,Lake Forest,7,3,10
2023,Mary Hardin Baylor,6,4,10
2023,Prairie View A&M,6,5,11
2023,Abilene Christian,5,6,11
2023,Nebraska Wesleyan,4,6,10
2023,North Dakota,7,4,11
2023,Illinois College,9,1,10
2023,Hendrix,3,7,10
2023,Holy Cross,7,4,11
2023,Fairmont State,7,3,11
2023,New England,6,4,10
2023,St. Augustine's,0,10,10
2023,Wisconsin Stout,4,6,10
2023,Hillsdale,6,5,11
2023,Tiffin,11,0,11
2023,Ohio Northern,4,6,10
2023,Wisconsin River Falls,7,3,10
2023,Iowa,10,3,13
2023,Colorado Mesa,6,5,11
2023,Pace,3,7,10
2023,Brown,5,5,10
2023,Utah State,6,6,12
2023,Ohio Dominican,4,7,11
2023,Southwestern Oklahoma State,0,11,11
2023,Cal Lutheran,3,6,9
2023,Mass Maritime,2,8,10
2023,Cincinnati,3,9,12
2023,Guilford,2,8,10
2023,Wabash,7,3,10
2023,Southern Arkansas,9,2,11
2023,Texas State,7,5,12
2023,Southern Miss,3,9,12
2023,Georgetown,5,6,11
2023,Alabama,12,1,13
2023,Davenport,8,2,10
2023,Merrimack,5,6,11
2023,Denison,7,3,10
2023,Fort Hays,7,4,11
2023,Edinboro,3,8,11
2023,Misericordia,4,6,10
2023,UTSA,8,4,12
2023,Virginia,3,9,12
2023,Frostburg State,7,3,11
2023,Claremont Mudd Scripps,7,2,9
2023,Mount Union,10,0,10
2023,Lincoln (PA),4,6,10
2023,North Carolina,8,4,12
2023,Oregon State,8,4,12
2023,Grove City,10,0,10
2023,East Central,3,8,11
2023,McKendree,5,5,10
2023,Wagner,4,7,11
2023,Bluffton,4,6,10
2023,Wheeling,5,5,10
2023,Huntingdon,8,2,10
2023,Portland State,5,6,11
2023,Ball State,4,8,12
2023,Bridgewater State,7,3,10
2023,Bates,0,8,8
2023,Northern Colorado,0,11,11
2023,Martin Luther,2,8,10
2023,Winston-Salem State,4,6,10
2023,Hamline,4,5,9
2023,Lock Haven,5,6,11
2023,UC Davis,7,4,11
2023,Clark Atlanta,0,10,10
2023,Kentucky State,3,7,10
2023,Coast Guard,5,5,10
2023,Millsaps,1,9,10
2023,Vanderbilt,2,10,12
2023,Tulsa,4,8,12
2023,Southeast Missouri State,4,7,11
2023,UConn,3,9,12
2023,South Florida,6,6,12
2023,Lawrence,0,10,10
2023,Indianapolis,9,1,10
2023,Delaware,8,3,11
2023,Concordia (MN),5,4,9
2023,Nevada,2,10,12
2023,Buffalo,3,9,12
2023,Florida A&M,10,1,11
2023,Carleton,6,3,9
2023,Alabama A&M,5,6,11
2023,Greenville,5,5,10
2023,Harvard,8,2,10
2023,Pittsburg State,10,1,11
2023,Colorado State,5,7,12
2023,West Texas,3,7,10
2023,Lycoming,4,6,10
2023,Bryant,6,5,11
2023,Allegheny,3,7,10
2023,St. Olaf,4,5,9
2023,USC,7,5,12
2023,St. Thomas (MN),8,3,11
2023,SUNY Morrisville,4,6,10
2023,Bluefield State,1,9,10
2023,Oklahoma Baptist,6,5,11
2023,Crown,1,8,9
2023,Erskine,0,11,11
2023,Augustana (SD),10,1,11
2023,Weber State,6,5,11
2023,App State,8,5,13
2023,Randolph Macon,10,0,10
2023,Shenandoah,5,5,10
2023,West Liberty,4,6,10
2023,Charlotte,3,9,12
2023,Emporia State,8,3,11
2023,North Greenville,5,5,10
2023,Vermont State Castleton,2,7,9
2023,West Virginia,8,4,12
2023,Muskingum,4,6,10
2023,Colorado School of Mines,11,0,11
2023,Akron,2,10,12
2023,Trine,6,4,10
2023,Baylor,3,9,12
2023,UCLA,7,5,12
2023,Central Arkansas,7,4,11
2023,Ithaca,8,2,10
2023,Thiel,3,7,10
2023,Southwestern U,3,7,10
2023,Central Washington,7,3,10
2023,Mississippi College,3,7,10
2023,Endicott,9,1,10
2023,TCU,5,7,12
2023,McDaniel,0,10,10
2023,South Dakota Mines,5,6,11
2023,William Jewell,2,8,10
2023,Northwood,5,6,11
2023,Pomona Pitzer,6,3,9
2023,Ouachita Baptist,9,2,11
2023,Livingstone,4,6,10
2023,Mississippi State,5,7,12
2023,Texas,12,1,13
2023,Loras,5,5,10
2023,Grambling,5,6,11
2023,Michigan,13,0,13
2023,Minnesota Morris,7,3,10
2023,Saint John's (MN),7,2,9
2023,Carson Newman,5,6,11
2023,Whitworth,9,0,9
2023,Waynesburg,2,8,10
2023,Bowdoin,4,4,8
2023,UT Permian Basin,10,1,11
2023,Benedictine (IL),5,4,9
2023,Willamette,1,9,10
2023,Anderson (IN),0,10,10
2023,Juniata,1,9,10
2023,Dubuque,5,5,10
2023,Kansas State,8,4,12
2023,Howard Payne,6,4,10
2023,New Mexico,4,8,12
2023,Williams,2,6,8
2023,Northeastern State,1,10,11
2023,Concordia (WI),7,3,10
2023,Southern Utah,6,5,11
2023,Lebanon Valley,6,4,10
2023,UNC Pembroke,7,3,10
2023,Montana,10,1,11
2023,Jackson State,7,4,11
2023,Missouri Western,8,3,11
2023,Millikin,0,10,10
2023,Colby,3,5,8
2023,Albany State,6,4,10
2023,Montclair State,5,5,10
2023,Ripon,5,5,10
2023,Pacific (OR),2,7,10
2023,Western Oregon,3,8,11
2023,Western New England,7,3,10
2023,Marietta,8,2,10
2023,Washington and Lee,8,2,10
2023,Bemidji State,8,2,10
2023,Rhode Island,6,5,11
2023,Florida Atlantic,4,8,12
2023,Western Illinois,0,11,11
2023,Kennesaw State,3,6,9
2023,Chadron State,5,6,11
2023,Christopher Newport,7,3,10
2023,Belhaven,9,1,10
2023,Cornell,3,7,10
2023,Methodist,2,8,10
2023,Simpson (IA),3,7,10
2023,Aurora,10,0,10
2023,Old Dominion,6,6,12
2023,Southeastern Oklahoma State,5,6,11
2023,Wingate,8,3,11
2023,Westfield State,3,7,10
2023,Duke,7,5,12
2023,Elmhurst,2,8,10
2023,Wheaton (IL),9,1,10
2023,Central Missouri,10,1,11
2023,Marshall,6,6,12
2023,Florida State,13,0,13
2023,Black Hills State,6,5,11
2023,UT Martin,8,3,11
2023,Maryville (TN),8,2,10
2023,American International,3,8,11
2023,Worcester State,1,8,9
2023,Western New Mexico,2,8,10
2023,Saint Francis,4,6,10
2023,Idaho,8,3,11
2023,SE Louisiana,3,8,11
2023,Ohio Wesleyan,5,5,10
2023,Widener,7,3,10
2023,Alcorn State,7,4,11
2023,Colgate,6,5,11
2023,North Dakota State,8,3,11
2023,Arizona,9,3,12
2023,Wittenberg,7,3,10
2023,Penn State,10,2,12
2023,Birmingham-Southern,3,7,10
2023,Minot State,1,10,11
2023,Seton Hill,6,5,11
2023,Rose Hulman,7,3,10
2023,Liberty,13,0,13
2023,Virginia State,8,2,10
2023,Bucknell,4,7,11
2023,Shepherd,9,2,11
2023,New Hampshire,6,5,11
2023,The Citadel,0,11,11
2023,Morehouse,1,9,10
2023,Brevard,5,5,10
2023,Alfred State,6,4,10
2023,MIT,4,5,9
2023,Newberry,4,7,11
2023,Arkansas-Pine Bluff,2,9,11
2023,Westminster (PA),6,4,10
2023,Mercyhurst,2,9,11
2023,Utica,8,2,10
2023,Tuskegee,7,4,11
2023,William Paterson,2,8,10
2023,William & Mary,6,5,11
2023,Kutztown,9,2,11
2023,Drake,8,3,11
2023,Miami (OH),11,2,13
2023,Wofford,2,9,11
2023,Rice,6,6,12
2023,Luther,0,10,10
2023,Western Michigan,4,8,12
2023,Missouri S&T,4,7,11
2023,WPI,3,7,10
2023,Northern Illinois,6,6,12
2023,Fordham,6,5,11
2023,Angelo State,7,3,10
2023,Geneva,4,6,10
2023,Western Carolina,7,4,11
2023,Trinity (TX),9,1,10
2023,Morehead State,4,7,11
2023,Illinois State,6,5,11
2023,Michigan State,4,8,12
2023,SMU,11,2,13
2023,Southern Illinois,7,4,11
2023,Southern Connecticut State,4,6,10
2023,Delaware State,1,10,11
2023,Albion,7,3,10
2023,Catawba,5,6,11
2023,Cornell (IA),6,4,10
2023,Dickinson,6,4,10
2023,Tusculum,6,5,11
2023,Northern State,5,6,11
2023,West Georgia,6,4,10
2023,Framingham State,4,4,8
2023,Salve Regina,8,2,10
2023,Puget Sound,3,6,9
2023,Hilbert,0,8,8
2023,Chicago,6,4,10
2023,Columbia,3,7,10
2023,Sewanee,3,7,10
2023,Central College,8,2,10
2023,Wooster,4,6,10
2023,James Madison,11,1,12
2023,Pacific Lutheran,5,5,10
2023,Lamar,6,5,11
2023,West Virginia State,4,6,10
2023,Otterbein,0,10,10
2023,Muhlenberg,9,1,10
2023,Savannah State,2,8,10
2023,Air Force,8,4,12
2023,Lincoln (MO),0,11,11
2023,UAlbany,9,3,12
2023,Rockford,2,8,10
2023,Walsh,3,8,11
2023,Georgia State,6,6,12
2023,Trinity (CT),7,1,8
2023,Cal Poly,3,8,11
2023,Pittsburgh,3,9,12
2023,Central Connecticut,3,8,11
2023,Delta State,9,1,10
2023,West Alabama,5,5,10
2023,Fresno State,8,4,12
2023,Howard,6,5,11
2023,George Fox,4,6,10
2023,NC State,9,3,12
2023,Stanford,3,9,12
2023,Arizona State,3,9,12
2023,California,6,6,12
2023,UAB,4,8,12
2023,Arkansas,4,8,12
2023,East Carolina,2,10,12
2023,Texas Tech,6,6,12
2024,Tuskegee,5,6,11
2024,St. Scholastica,4,6,10
2024,Greensboro,1,9,10
2024,SUNY Maritime,7,3,10
2024,BYU,10,2,12
2024,Northern Iowa,3,9,12
2024,Wisconsin,5,7,12
2024,UL Monroe,5,7,12
2024,Minnesota St Moorhead,6,5,11
2024,Eastern Kentucky,8,5,13
2024,Ferris State,13,1,14
2024,Elon,6,6,12
2024,Wilkes,7,3,10
2024,Bethel (MN),11,3,14
2024,Saint Vincent,1,9,10
2024,Kenyon,5,5,10
2024,Manchester,0,10,10
2024,Shaw,6,4,10
2024,Buena Vista,2,8,10
2024,Valparaiso,4,7,12
2024,Coastal Carolina,6,6,12
2024,Monmouth (IL),8,2,10
2024,Washington State,8,4,12
2024,Wake Forest,4,8,12
2024,Coe,9,2,11
2024,New Mexico Highlands,2,9,11
2024,Wisconsin Eau Claire,2,8,10
2024,North Park,5,5,10
2024,Morgan State,6,6,12
2024,Lane College,4,6,10
2024,Mississippi Valley State,1,11,12
2024,Stonehill,1,10,11
2024,Mercer,11,3,14
2024,Millersville,1,10,11
2024,Hanover,7,3,10
2024,Georgia,11,2,13
2024,Wisconsin Platteville,9,2,11
2024,Hampton,5,7,12
2024,USC,6,6,12
2024,Franklin,3,7,10
2024,Minnesota State,11,4,15
2024,New Mexico State,3,9,12
2024,La Verne,0,10,10
2024,Pittsburgh,7,5,12
2024,Western Kentucky,8,5,13
2024,South Dakota,11,2,14
2024,Salisbury,12,1,13
2024,San Diego,8,3,11
2024,Florida,7,5,12
2024,Youngstown State,4,8,12
2024,Dayton,6,5,11
2024,New Haven,8,3,11
2024,Bentley,8,2,10
2024,Charleston Southern,1,11,12
2024,Beloit,1,9,10
2024,Fayetteville State,4,5,9
2024,King's,10,2,12
2024,Rochester (NY),6,4,10
2024,Capital,1,9,10
2024,Colorado State,8,4,12
2024,Middle Tennessee,3,9,12
2024,Chattanooga,7,5,12
2024,Washington & Jefferson,9,2,11
2024,Anna Maria College,4,4,8
2024,Lake Erie,2,9,11
2024,Northwestern State,0,12,12
2024,Miami (OH),8,5,13
2024,Carthage,2,8,10
2024,Mercyhurst,4,7,11
2024,Alvernia,1,9,10
2024,Carroll (WI),5,5,10
2024,Kalamazoo,4,6,10
2024,Averett,3,7,10
2024,Keystone,1,9,10
2024,Lewis & Clark,5,5,10
2024,Hawai'i,5,7,12
2024,Alfred,7,3,10
2024,Kentucky Wesleyan,2,9,11
2024,Oberlin,1,9,10
2024,Maine,5,7,12
2024,Southern Nazarene,3,8,11
2024,Limestone,8,3,11
2024,Oklahoma State,3,9,12
2024,Southwest Minnesota State,0,11,11
2024,South Alabama,6,6,12
2024,Southern,8,5,13
2024,Slippery Rock,12,2,14
2024,DePauw,11,1,12
2024,Georgia Tech,7,5,12
2024,Merchant Marine,5,4,9
2024,Duke,9,3,12
2024,Hamilton,1,8,9
2024,Minnesota,7,5,12
2024,Temple,3,9,12
2024,Bloomsburg,6,5,11
2024,Bemidji State,10,4,14
2024,Presbyterian,6,6,12
2024,Sioux Falls,8,3,11
2024,Husson,6,4,10
2024,Idaho State,5,7,12
2024,Pennsylvania,4,6,10
2024,North Texas,6,6,12
2024,Chapman,7,3,10
2024,Concordia Chicago,2,8,10
2024,Heidelberg,5,5,10
2024,Campbell,3,9,12
2024,Hampden Sydney,5,5,10
2024,Missouri Southern State,2,9,11
2024,San José State,7,5,12
2024,Texas Southern,5,6,11
2024,Michigan Tech,7,4,11
2024,Alabama,9,3,12
2024,Arizona,4,8,12
2024,Jacksonville State,9,4,13
2024,Johnson C. Smith,8,2,10
2024,Adams State,0,11,11
2024,Tennessee,10,2,12
2024,Air Force,5,7,12
2024,Dean,0,8,8
2024,Davidson,6,5,11
2024,Lafayette,6,6,12
2024,Arkansas,6,6,12
2024,Washington St. Louis,8,2,10
2024,Northwestern (OK),2,9,11
2024,Apprentice School,2,2,4
2024,Findlay,9,2,11
2024,Augustana (IL),4,6,10
2024,South Dakota State,12,2,14
2024,Stevenson,5,5,10
2024,Navy,9,3,12
2024,Northwest Missouri State,6,5,11
2024,Saint Anselm,5,5,10
2024,Stetson,2,9,12
2024,Army,11,2,13
2024,North Central College,13,0,13
2024,Brockport,7,3,10
2024,Hardin Simmons,10,1,11
2024,Tulane,9,4,13
2024,Rensselaer,5,5,10
2024,The College of New Jersey,6,4,10
2024,Toledo,7,5,12
2024,Bethune-Cookman,2,10,12
2024,Georgia Southern,8,4,12
2024,John Carroll,9,3,12
2024,Texas A&M-Kingsville,7,4,11
2024,Louisiana,10,3,13
2024,Delaware Valley,8,2,10
2024,Macalester,0,10,10
2024,Rowan,6,4,10
2024,Central Oklahoma,11,2,13
2024,Amherst,2,7,9
2024,Sacramento State,3,9,12
2024,Ursinus,9,2,11
2024,Assumption,6,4,10
2024,Syracuse,9,3,12
2024,IU Pennsylvania,7,3,10
2024,Oklahoma Panhandle,0,1,1
2024,Murray State,1,11,12
2024,Notre Dame,11,1,12
2024,Dartmouth,8,2,10
2024,Princeton,3,7,10
2024,Winona State,5,6,11
2024,Lindenwood,5,7,12
2024,Carnegie Mellon,10,2,12
2024,Midwestern State,4,7,11
2024,Saginaw Valley State,7,4,11
2024,Lyon,1,9,10
2024,Gallaudet,3,4,7
2024,St. Lawrence,3,6,9
2024,Robert Morris,7,5,12
2024,West Florida,7,3,10
2024,Memphis,10,2,12
2024,Mississippi State,2,10,12
2024,Lakeland,4,5,9
2024,Wayne State (MI),2,9,11
2024,Western Connecticut State,8,2,10
2024,Boise State,12,1,13
2024,Texas A&M,8,4,12
2024,Tennessee Tech,7,5,12
2024,Wisconsin Stevens Point,1,9,10
2024,Middlebury,6,3,9
2024,Wesleyan (CT),8,1,9
2024,Illinois Wesleyan,5,5,10
2024,North Carolina A&T,1,11,12
2024,Truman State,7,4,11
2024,Savannah State,5,5,10
2024,Houston Christian,5,7,12
2024,Alabama State,7,5,12
2024,McMurry,7,3,10
2024,Utah Tech,1,11,12
2024,Northwestern (MN),7,4,11
2024,Montana State,14,0,14
2024,Gannon,3,7,10
2024,Arkansas State,7,5,12
2024,Villanova,10,4,14
2024,Austin,2,8,10
2024,Adrian,6,4,10
2024,Wartburg,10,2,12
2024,Wisconsin Whitewater,6,4,10
2024,Harding,12,2,14
2024,LaGrange,6,4,10
2024,Wisconsin Oshkosh,6,4,10
2024,Mars Hill,5,4,10
2024,Hiram,0,9,10
2024,Arkansas Tech,5,6,11
2024,Rutgers,7,5,12
2024,Berry,8,3,11
2024,SUNY Cortland,11,1,12
2024,Tennessee State,9,4,13
2024,Kennesaw State,2,10,12
2024,Gettysburg,2,8,10
2024,Western Colorado,11,2,13
2024,SMU,11,2,13
2024,Concordia St. Paul,2,9,11
2024,UVA Wise,4,6,11
2024,East Texas Baptist,5,4,9
2024,Shippensburg,2,9,11
2024,Northern Michigan,0,11,11
2024,Glenville State,7,4,11
2024,Hartwick,2,8,10
2024,Elizabeth City State,3,7,10
2024,Shorter,3,5,10
2024,Florida International,4,8,12
2024,West Georgia,4,7,11
2024,UMass Dartmouth,10,1,11
2024,Marist,1,10,11
2024,Charleston (WV),11,1,12
2024,Butler,9,3,12
2024,Northern Arizona,8,5,13
2024,VMI,1,11,12
2024,Samford,4,7,12
2024,Eastern,5,5,10
2024,Fort Lewis,3,8,11
2024,Purdue,1,11,12
2024,Washburn,3,8,11
2024,Troy,4,8,12
2024,Western Illinois,4,8,12
2024,Wisconsin Lutheran,7,3,10
2024,Austin Peay,4,8,12
2024,South Carolina State,9,2,11
2024,San Diego State,3,9,12
2024,CSU Pueblo,10,2,12
2024,Nichols,3,7,10
2024,Towson,7,5,12
2024,UCF,4,8,12
2024,Vanderbilt,6,6,12
2024,West Virginia Wesleyan,0,11,11
2024,Wilmington (OH),1,9,10
2024,North Carolina Wesleyan,4,6,10
2024,Louisiana Tech,5,7,12
2024,St. John Fisher,3,7,10
2024,Iowa State,10,3,13
2024,Gustavus Adolphus,5,5,10
2024,Norwich,0,10,10
2024,Grinnell,2,8,10
2024,Hobart,9,2,11
2024,Kean,2,8,10
2024,St. Norbert,7,3,10
2024,Alma,8,2,10
2024,Norfolk State,4,8,12
2024,Arizona State,11,2,13
2024,Edward Waters,3,7,10
2024,Knox,3,7,10
2024,Eureka,0,10,10
2024,Redlands,3,7,10
2024,Augsburg,4,6,10
2024,Akron,4,8,12
2024,Gardner-Webb,4,8,12
2024,Incarnate Word,11,3,14
2024,Miami,10,2,12
2024,Franklin & Marshall,6,4,10
2024,West Chester,4,6,10
2024,Linfield,10,2,12
2024,Quincy,5,4,10
2024,Olivet,3,7,10
2024,Roosevelt,1,9,10
2024,Arkansas Monticello,4,7,11
2024,McNeese,6,6,12
2024,Hope,11,1,12
2024,Chowan,3,7,10
2024,UTEP,3,9,12
2024,Rhodes,3,7,10
2024,Vermont State Castleton,3,7,10
2024,Sacred Heart,5,6,11
2024,Upper Iowa,7,4,11
2024,Missouri State,8,4,12
2024,Richmond,10,3,13
2024,Clemson,10,3,13
2024,Duquesne,8,3,11
2024,Westminster (MO),1,9,10
2024,East Texas A&M,3,9,12
2024,FDU Florham,6,4,10
2024,Stephen F. Austin,7,5,12
2024,Indiana State,4,8,12
2024,Houston,4,8,12
2024,Central State,1,9,10
2024,Bethany (WV),1,9,10
2024,Springfield,12,1,13
2024,Wayne State (NE),7,4,11
2024,North Alabama,3,9,12
2024,Wisconsin La Crosse,8,4,12
2024,Eastern Illinois,3,9,12
2024,Florida State,2,10,12
2024,Southwest Baptist,2,8,10
2024,Ashland,9,4,13
2024,Bridgewater,6,4,10
2024,Eastern Washington,4,8,12
2024,Emory & Henry,9,2,11
2024,Monmouth,6,6,12
2024,California,6,6,12
2024,Clarion,3,8,11
2024,Stony Brook,8,4,12
2024,Nebraska Kearney,5,6,11
2024,Lehigh,9,4,13
2024,Case Western Reserve,6,4,10
2024,Catholic,5,5,10
2024,Sam Houston,9,3,12
2024,Valdosta State,13,0,14
2024,Eastern New Mexico,3,8,11
2024,Moravian,6,4,10
2024,Fitchburg State,2,8,10
2024,Grand Valley State,11,2,13
2024,Long Island University,4,8,12
2024,Southern Virginia,1,9,10
2024,Concord,1,10,11
2024,Johns Hopkins,12,1,13
2024,East Stroudsburg,10,2,12
2024,Buffalo State,3,7,10
2024,Post,1,9,10
2024,Tufts,7,2,9
2024,Franklin Pierce,5,5,10
2024,Barton,3,8,11
2024,Michigan,7,5,12
2024,Bowie State,4,6,10
2024,Massachusetts,2,10,12
2024,Mount St Joseph,8,3,11
2024,Plymouth State,5,4,9
2024,Susquehanna,12,1,13
2024,Ferrum,5,5,10
2024,Centre,8,3,11
2024,North Carolina Central,8,3,11
2024,Buffalo,8,4,12
2024,Yale,7,3,10
2024,East Tennessee State,7,5,12
2024,Furman,3,8,12
2024,Kansas,5,7,12
2024,Nebraska,6,6,12
2024,Nicholls,4,8,12
2024,Virginia Union,10,4,14
2024,Henderson State,8,3,11
2024,Bluefield State,1,9,10
2024,New Mexico,5,7,12
2024,Albright,2,8,10
2024,Lenoir Rhyne,10,3,13
2024,Virginia Tech,6,6,12
2024,Baldwin Wallace,7,3,10
2024,California (PA),10,3,13
2024,Union,3,7,10
2024,Curry,4,6,10
2024,Tarleton State,10,4,14
2024,Lake Forest,10,1,11
2024,Mary Hardin Baylor,8,4,12
2024,Prairie View A&M,5,7,12
2024,Abilene Christian,9,5,14
2024,Nebraska Wesleyan,3,7,10
2024,North Dakota,5,7,12
2024,Illinois College,8,2,10
2024,Hendrix,4,6,10
2024,Holy Cross,6,6,12
2024,Fairmont State,7,4,11
2024,New England,4,6,10
2024,Nevada,3,10,13
2024,Wisconsin Stout,6,4,10
2024,Utah,5,7,12
2024,Hillsdale,6,5,11
2024,Kentucky,4,8,12
2024,Tiffin,8,3,11
2024,Ohio Northern,5,5,10
2024,Wisconsin River Falls,7,3,10
2024,Central Michigan,4,8,12
2024,Colorado Mesa,7,4,11
2024,Pace,2,8,10
2024,Maryland,4,8,12
2024,Brown,3,7,10
2024,Ohio Dominican,4,7,11
2024,Wyoming,3,9,12
2024,Southwestern Oklahoma State,3,8,11
2024,Cal Lutheran,2,8,10
2024,Mass Maritime,5,5,10
2024,Cincinnati,5,7,12
2024,Guilford,3,7,10
2024,Wabash,8,2,10
2024,Southern Arkansas,9,2,11
2024,Texas State,7,5,12
2024,Southern Miss,1,11,12
2024,Georgetown,5,6,11
2024,Northeastern State,2,9,11
2024,Davenport,7,4,11
2024,Augustana (SD),8,4,12
2024,Denison,6,4,10
2024,Fort Hays,8,3,11
2024,Edinboro,3,8,11
2024,Miles,10,3,13
2024,Misericordia,3,7,10
2024,UTSA,6,6,12
2024,Boston College,7,5,12
2024,Frostburg State,6,5,11
2024,Claremont Mudd Scripps,8,2,10
2024,Mount Union,13,0,13
2024,Lincoln (PA),2,8,10
2024,Virginia,5,7,12
2024,Oregon State,5,7,12
2024,Grove City,9,2,11
2024,East Central,5,6,11
2024,McKendree,5,6,11
2024,Wagner,4,8,12
2024,Bluffton,3,7,10
2024,Lincoln (MO),1,10,11
2024,Wheeling,6,5,11
2024,Huntingdon,5,5,10
2024,Portland State,3,8,12
2024,Bridgewater State,5,5,10
2024,Bates,2,7,9
2024,Northern Colorado,1,11,12
2024,Martin Luther,6,4,10
2024,Winston-Salem State,7,3,10
2024,Hamline,3,7,10
2024,Lock Haven,5,6,11
2024,UC Davis,11,3,14
2024,Fresno State,6,6,12
2024,Utah State,4,8,12
2024,Coast Guard,5,5,10
2024,Millsaps,4,5,9
2024,Tulsa,3,9,12
2024,Iowa,8,4,12
2024,Southeast Missouri State,9,4,13
2024,UConn,8,4,12
2024,South Florida,6,6,12
2024,Lawrence,1,9,10
2024,Indianapolis,10,2,12
2024,Delaware,9,2,11
2024,Concordia (MN),7,3,10
2024,Florida A&M,7,5,12
2024,Carleton,5,5,10
2024,Alabama A&M,6,6,12
2024,Greenville,7,3,10
2024,Harvard,8,2,10
2024,Pittsburg State,8,3,11
2024,West Texas,5,6,11
2024,Lycoming,4,6,10
2024,Allegheny,1,9,10
2024,St. Olaf,7,3,10
2024,St. Thomas (MN),6,6,12
2024,Auburn,5,7,12
2024,SUNY Morrisville,6,4,10
2024,Minnesota Duluth,7,4,11
2024,Oklahoma Baptist,2,9,11
2024,Crown,1,9,10
2024,Minot State,5,6,11
2024,Weber State,4,8,12
2024,App State,5,6,11
2024,Randolph Macon,10,2,12
2024,Shenandoah,8,2,10
2024,Erskine,1,8,10
2024,University of Mary,2,9,11
2024,West Liberty,2,9,11
2024,Charlotte,5,7,12
2024,Emporia State,7,4,11
2024,North Greenville,5,5,11
2024,Missouri,9,3,12
2024,West Virginia,6,6,12
2024,Muskingum,5,5,10
2024,Colorado School of Mines,8,3,11
2024,Trine,6,4,10
2024,Baylor,8,4,12
2024,Central Arkansas,6,6,12
2024,Ithaca,6,4,10
2024,Ohio State,10,2,12
2024,Washington,6,6,12
2024,Thiel,3,7,10
2024,Calvin,2,8,10
2024,Southwestern U,4,6,10
2024,Michigan State,5,7,12
2024,Central Washington,8,4,12
2024,Merrimack,5,6,11
2024,Bowling Green,7,5,12
2024,Mississippi College,2,8,10
2024,UNLV,10,3,13
2024,Endicott,10,2,12
2024,TCU,8,4,12
2024,LSU,8,4,12
2024,Oregon,13,0,13
2024,McDaniel,1,9,10
2024,South Dakota Mines,6,5,11
2024,William Jewell,5,6,11
2024,Northwood,6,5,11
2024,Pomona Pitzer,8,3,11
2024,Ouachita Baptist,10,2,12
2024,Livingstone,6,4,10
2024,Texas,11,2,13
2024,Indiana,11,1,12
2024,Loras,2,8,10
2024,Grambling,5,7,12
2024,Minnesota Morris,5,5,10
2024,Saint John's (MN),11,1,12
2024,Carson Newman,9,3,12
2024,Whitworth,10,2,12
2024,Waynesburg,4,6,10
2024,Bowdoin,3,6,9
2024,Benedictine (IL),5,5,10
2024,UT Permian Basin,7,4,11
2024,UCLA,5,7,12
2024,Ohio,10,3,13
2024,Willamette,2,8,10
2024,Anderson (IN),2,8,10
2024,Juniata,2,8,10
2024,Kansas State,8,4,12
2024,Dubuque,5,5,10
2024,Anderson (SC),3,8,11
2024,Howard Payne,1,8,9
2024,Northern State,6,5,11
2024,Williams,5,4,9
2024,Concordia (WI),6,3,9
2024,Western Michigan,6,6,12
2024,Southern Utah,7,5,12
2024,Lebanon Valley,5,5,10
2024,UNC Pembroke,6,5,11
2024,Maine Maritime,0,3,3
2024,Montana,9,5,14
2024,Thomas More,5,6,11
2024,Jackson State,11,2,13
2024,Millikin,0,10,10
2024,Missouri Western,4,7,11
2024,Colby,4,5,9
2024,Montclair State,3,7,10
2024,Ripon,4,6,10
2024,Pacific (OR),5,5,10
2024,Clark Atlanta,7,3,11
2024,Allen,2,8,10
2024,Western Oregon,6,5,11
2024,Centenary (LA),4,6,10
2024,Western New England,6,4,10
2024,Marietta,8,2,10
2024,Washington and Lee,6,4,10
2024,Rhode Island,11,3,14
2024,Florida Atlantic,3,9,12
2024,Chadron State,3,8,11
2024,Christopher Newport,7,3,10
2024,Belhaven,5,5,10
2024,Cornell,4,6,10
2024,Methodist,1,9,10
2024,Simpson (IA),5,5,10
2024,Aurora,9,2,11
2024,Old Dominion,5,7,12
2024,Southeastern Oklahoma State,5,6,11
2024,Westfield State,4,6,10
2024,Lincoln (CA),0,11,11
2024,Wingate,9,2,12
2024,North Carolina,6,6,12
2024,Illinois,9,3,12
2024,Wheaton (IL),8,2,10
2024,Elmhurst,3,7,10
2024,Benedict,4,6,10
2024,Central Missouri,8,3,11
2024,Marshall,10,3,13
2024,Eastern Michigan,5,7,12
2024,Black Hills State,6,5,11
2024,UT Martin,9,5,14
2024,Maryville (TN),9,2,12
2024,American International,4,7,11
2024,Worcester State,3,7,10
2024,Western New Mexico,2,9,11
2024,Northern Illinois,7,5,12
2024,Saint Francis,4,7,11
2024,Idaho,10,4,14
2024,Colorado,9,3,12
2024,SE Louisiana,7,5,12
2024,Kent State,0,12,12
2024,Ohio Wesleyan,4,6,10
2024,Salve Regina,6,4,10
2024,Widener,5,5,10
2024,Alcorn State,6,6,12
2024,Colgate,2,10,12
2024,North Dakota State,12,2,14
2024,Wittenberg,5,4,10
2024,Northwestern,4,8,12
2024,NC State,6,6,12
2024,Ole Miss,9,3,12
2024,Seton Hill,3,8,11
2024,Rose Hulman,5,5,10
2024,Liberty,8,3,11
2024,Virginia State,7,4,11
2024,Sul Ross State,3,8,11
2024,Morehouse,1,9,10
2024,Bucknell,6,6,12
2024,Shepherd,6,5,11
2024,New Hampshire,8,5,13
2024,The Citadel,5,7,12
2024,Penn State,11,2,13
2024,Brevard,6,3,10
2024,Alfred State,4,6,10
2024,MIT,3,6,9
2024,Newberry,3,7,11
2024,Arkansas-Pine Bluff,3,9,12
2024,Westminster (PA),7,3,10
2024,Utica,5,5,10
2024,William Paterson,1,9,10
2024,William & Mary,7,5,12
2024,Kutztown,11,1,12
2024,Drake,8,3,12
2024,Albany State,6,4,10
2024,Wofford,5,7,12
2024,Louisville,8,4,12
2024,Rice,4,8,12
2024,Luther,1,9,10
2024,Missouri S&T,4,7,11
2024,South Carolina,9,3,12
2024,WPI,6,4,10
2024,Fordham,2,10,12
2024,Angelo State,9,3,12
2024,Geneva,5,5,10
2024,Western Carolina,7,5,12
2024,Texas Lutheran,9,2,11
2024,Trinity (TX),8,3,11
2024,Morehead State,7,5,12
2024,Illinois State,10,4,14
2024,Southern Illinois,4,8,12
2024,Southern Connecticut State,4,6,10
2024,Delaware State,1,11,12
2024,Albion,7,3,10
2024,Catawba,3,8,11
2024,Cornell (IA),5,5,10
2024,Dickinson,5,5,10
2024,Tusculum,1,9,10
2024,Framingham State,3,7,10
2024,Puget Sound,2,8,10
2024,Chicago,6,4,10
2024,Columbia,7,3,10
2024,Kentucky State,4,6,10
2024,Sewanee,2,8,10
2024,Wooster,3,7,10
2024,Central College,8,2,10
2024,James Madison,8,4,12
2024,Pacific Lutheran,7,3,10
2024,Lamar,7,5,12
2024,West Virginia State,6,5,11
2024,Stanford,3,9,12
2024,Otterbein,1,9,10
2024,Muhlenberg,7,3,10
2024,Ball State,3,9,12
2024,Hilbert,0,10,10
2024,UAlbany,4,8,12
2024,Bryant,2,10,12
2024,Rockford,4,6,10
2024,Walsh,5,6,11
2024,Fort Valley State,6,4,10
2024,Georgia State,3,9,12
2024,Trinity (CT),7,2,9
2024,Cal Poly,3,8,11
2024,Central Connecticut,7,6,13
2024,Delta State,6,4,11
2024,West Alabama,9,2,12
2024,Howard,4,8,12
2024,George Fox,4,6,10
2024,UAB,3,9,12
2024,East Carolina,7,5,12
2024,Texas Tech,8,4,12
2024,Oklahoma,6,6,12
2025,Tuskegee,4,7,11
2025,St. Scholastica,3,7,10
2025,Greensboro,3,7,10
2025,SUNY Maritime,5,6,11
2025,Northern Iowa,3,9,12
2025,BYU,11,2,13
2025,Western Connecticut State,5,5,10
2025,Wisconsin,4,8,12
2025,UL Monroe,3,9,12
2025,Minnesota St Moorhead,8,3,11
2025,Eastern Kentucky,5,7,12
2025,Ferris State,14,0,14
2025,Elon,6,6,12
2025,Wilkes,7,4,11
2025,Bethel (MN),12,1,13
2025,Saint Vincent,2,8,10
2025,Kenyon,1,9,10
2025,Delaware,6,6,12
2025,Manchester,0,10,10
2025,Shaw,2,8,10
2025,Buena Vista,3,7,10
2025,Valparaiso,2,10,12
2025,Coastal Carolina,6,6,12
2025,Monmouth (IL),9,1,10
2025,Washington State,6,6,12
2025,Wake Forest,8,4,12
2025,Coe,8,3,11
2025,New Mexico Highlands,6,5,11
2025,Wisconsin Eau Claire,3,7,10
2025,North Park,3,7,10
2025,Morgan State,4,8,12
2025,Lane College,0,10,10
2025,Mississippi Valley State,2,10,12
2025,Stonehill,4,8,12
2025,Mercer,9,3,12
2025,Millersville,0,11,11
2025,Hanover,8,3,11
2025,Georgia,12,1,13
2025,Wisconsin Platteville,8,3,11
2025,Hampton,2,10,12
2025,Franklin,5,5,10
2025,USC,9,3,12
2025,Minnesota State,9,4,13
2025,New Mexico State,4,8,12
2025,La Verne,1,8,9
2025,Pittsburgh,8,4,12
2025,Western Kentucky,8,4,12
2025,South Dakota,10,5,15
2025,Salisbury,9,2,11
2025,San Diego,8,4,12
2025,Florida,4,8,12
2025,Youngstown State,8,5,13
2025,Dayton,7,4,11
2025,Bentley,7,3,10
2025,Charleston Southern,5,7,12
2025,Beloit,1,9,10
2025,Fayetteville State,6,4,10
2025,King's,5,5,10
2025,Rochester (NY),5,5,10
2025,Capital,3,7,10
2025,Colorado State,2,10,12
2025,New Haven,5,5,10
2025,Middle Tennessee,3,9,12
2025,Chattanooga,5,7,12
2025,Washington & Jefferson,8,2,10
2025,Lake Erie,2,9,11
2025,Northwestern State,1,11,12
2025,Miami (OH),7,6,13
2025,Carthage,4,6,10
2025,Mercyhurst,5,7,12
2025,Alvernia,0,10,10
2025,Kalamazoo,4,6,10
2025,Carroll (WI),4,6,10
2025,North Greenville,7,4,11
2025,Averett,1,9,10
2025,Lewis & Clark,6,4,10
2025,Hawai'i,8,4,12
2025,Alfred,4,6,10
2025,Kentucky Wesleyan,0,11,11
2025,Oberlin,0,10,10
2025,Maine,6,6,12
2025,Southern Nazarene,2,9,11
2025,Oklahoma State,1,11,12
2025,Southwest Minnesota State,1,10,11
2025,South Alabama,4,8,12
2025,Southern,2,10,12
2025,Slippery Rock,6,4,10
2025,DePauw,9,2,11
2025,Georgia Tech,9,3,12
2025,Merchant Marine,8,2,10
2025,Duke,8,5,13
2025,Hamilton,2,7,9
2025,Minnesota,7,5,12
2025,Temple,5,7,12
2025,Bloomsburg,3,8,11
2025,Bemidji State,4,7,11
2025,Presbyterian,10,2,12
2025,Husson,4,6,10
2025,Sioux Falls,7,4,11
2025,Idaho State,6,6,12
2025,North Texas,11,2,13
2025,Pennsylvania,6,4,10
2025,Chapman,8,3,11
2025,Concordia Chicago,4,6,10
2025,Heidelberg,6,4,10
2025,Campbell,2,10,12
2025,Hampden Sydney,7,3,10
2025,Missouri Southern State,3,8,11
2025,San José State,3,9,12
2025,Texas Southern,6,5,11
2025,Michigan Tech,7,4,11
2025,Alabama,10,3,13
2025,Arizona,9,3,12
2025,Jacksonville State,8,5,13
2025,Adams State,0,11,11
2025,Johnson C. Smith,10,1,11
2025,Tennessee,8,4,12
2025,Air Force,4,8,12
2025,Davidson,2,10,12
2025,Lafayette,8,4,12
2025,Arkansas,2,10,12
2025,Keystone,1,1,2
2025,Chowan,4,7,11
2025,Northwestern (OK),2,9,11
2025,Washington St. Louis,8,3,11
2025,Apprentice School,0,3,3
2025,Findlay,10,1,11
2025,Augustana (IL),7,3,10
2025,South Dakota State,9,5,14
2025,Stevenson,6,4,10
2025,Navy,10,2,12
2025,Northwest Missouri State,9,2,11
2025,Saint Anselm,5,5,10
2025,Stetson,3,9,12
2025,Army,6,6,12
2025,North Central College,13,0,13
2025,Brockport,7,4,11
2025,Hardin Simmons,9,1,10
2025,Rensselaer,8,3,11
2025,The College of New Jersey,6,4,10
2025,Toledo,8,4,12
2025,Tulane,11,2,13
2025,Bethune-Cookman,6,6,12
2025,Georgia Southern,6,6,12
2025,John Carroll,11,1,12
2025,Texas A&M-Kingsville,5,6,11
2025,Louisiana,6,6,12
2025,Delaware Valley,8,3,11
2025,Macalester,3,7,10
2025,Barton,3,8,11
2025,Rowan,8,2,11
2025,Central Oklahoma,6,5,11
2025,Amherst,5,4,9
2025,Sacramento State,7,5,12
2025,Ursinus,7,4,11
2025,Assumption,8,3,11
2025,Syracuse,3,9,12
2025,IU Pennsylvania,7,3,10
2025,Oklahoma Panhandle,0,1,1
2025,Murray State,1,11,12
2025,Notre Dame,10,2,12
2025,Dartmouth,7,3,10
2025,Princeton,3,7,10
2025,Winona State,6,5,11
2025,Lindenwood,6,6,12
2025,Carnegie Mellon,6,5,11
2025,Midwestern State,3,8,11
2025,Saginaw Valley State,6,5,11
2025,Lyon,2,7,10
2025,St. Lawrence,4,6,10
2025,West Florida,9,2,11
2025,Robert Morris,3,9,12
2025,Memphis,8,4,12
2025,Mississippi State,5,7,12
2025,Lakeland,4,6,10
2025,Wayne State (MI),0,11,11
2025,Boise State,9,4,13
2025,Tennessee Tech,11,2,13
2025,Texas A&M,11,1,12
2025,Wisconsin Stevens Point,4,6,10
2025,Middlebury,5,4,9
2025,Wesleyan (CT),7,2,9
2025,Illinois Wesleyan,4,6,10
2025,North Carolina A&T,2,10,12
2025,Truman State,8,3,11
2025,Savannah State,4,6,10
2025,Houston Christian,2,10,12
2025,Alabama State,10,2,12
2025,McMurry,6,4,10
2025,Utah Tech,2,10,12
2025,Northwestern (MN),4,6,10
2025,Montana State,12,2,14
2025,Gannon,1,10,11
2025,Arkansas State,6,6,12
2025,Villanova,12,2,14
2025,Austin,3,6,9
2025,Adrian,8,2,10
2025,Wartburg,10,1,11
2025,Wisconsin Whitewater,8,2,10
2025,Harding,14,0,14
2025,Gallaudet,1,8,9
2025,LaGrange,9,2,11
2025,Wisconsin Oshkosh,5,5,10
2025,Mars Hill,5,6,11
2025,Arkansas Tech,7,5,12
2025,Rutgers,5,7,12
2025,Berry,11,2,13
2025,SUNY Cortland,8,2,10
2025,Tennessee State,2,10,12
2025,Kennesaw State,10,3,13
2025,Gettysburg,1,9,10
2025,Maine Maritime,0,10,10
2025,Western Colorado,9,3,12
2025,SMU,8,4,12
2025,Concordia St. Paul,2,9,11
2025,UVA Wise,1,9,10
2025,East Texas Baptist,4,6,10
2025,Shippensburg,3,8,11
2025,Northern Michigan,3,8,11
2025,Glenville State,6,5,11
2025,Hartwick,4,6,10
2025,Elizabeth City State,4,6,10
2025,Florida International,7,5,12
2025,West Georgia,8,3,11
2025,UMass Dartmouth,6,4,10
2025,Marist,5,7,12
2025,Charleston (WV),8,3,11
2025,Butler,6,6,12
2025,Northern Arizona,7,5,12
2025,VMI,1,11,12
2025,Samford,1,11,12
2025,Eastern,9,2,11
2025,Fort Lewis,2,9,11
2025,Washburn,3,8,11
2025,Purdue,2,10,12
2025,Troy,8,5,13
2025,Western Illinois,4,8,12
2025,Wisconsin Lutheran,5,5,10
2025,Austin Peay,7,5,12
2025,Ferrum,4,7,11
2025,Richmond,7,5,12
2025,South Carolina State,9,3,12
2025,CSU Pueblo,10,1,11
2025,Nichols,2,8,10
2025,San Diego State,9,3,12
2025,Towson,6,6,12
2025,UCF,5,7,12
2025,Vanderbilt,10,2,12
2025,West Virginia Wesleyan,0,11,11
2025,Wilmington (OH),3,7,10
2025,North Carolina Wesleyan,4,6,10
2025,Louisiana Tech,7,5,12
2025,St. John Fisher,7,4,11
2025,Iowa State,8,4,12
2025,Gustavus Adolphus,5,5,10
2025,Norwich,1,9,10
2025,Grinnell,2,8,10
2025,Hobart,6,5,11
2025,Kean,3,7,10
2025,St. Norbert,5,5,10
2025,Alma,8,2,10
2025,Norfolk State,1,11,12
2025,Arizona State,8,4,12
2025,Edward Waters,5,5,10
2025,Knox,2,7,10
2025,Eureka,2,8,10
2025,Redlands,6,4,10
2025,Augsburg,4,6,10
2025,Akron,5,7,12
2025,Gardner-Webb,7,5,12
2025,Incarnate Word,5,7,12
2025,Miami,10,2,12
2025,Franklin & Marshall,9,1,10
2025,West Chester,4,7,11
2025,Linfield,7,2,9
2025,Quincy,6,5,11
2025,Olivet,1,9,10
2025,Roosevelt,2,8,10
2025,Arkansas Monticello,2,9,11
2025,McNeese,5,7,12
2025,Hope,9,1,10
2025,UTEP,2,10,12
2025,Rhodes,1,9,10
2025,Sacred Heart,8,4,12
2025,Upper Iowa,9,3,12
2025,Clemson,7,5,12
2025,Duquesne,7,5,12
2025,Westminster (MO),4,6,10
2025,East Texas A&M,3,9,12
2025,FDU Florham,1,9,10
2025,Stephen F. Austin,11,3,14
2025,Indiana State,3,9,12
2025,Houston,9,3,12
2025,Central State,3,7,10
2025,Bethany (WV),1,9,10
2025,Springfield,8,3,11
2025,Wayne State (NE),7,4,11
2025,North Alabama,2,10,12
2025,Wisconsin La Crosse,7,3,10
2025,Eastern Illinois,3,9,12
2025,Florida State,5,7,12
2025,Southwest Baptist,3,7,10
2025,Ashland,9,3,12
2025,Bridgewater,4,6,10
2025,Eastern Washington,5,7,12
2025,Emory & Henry,8,3,11
2025,Monmouth,9,3,12
2025,California,7,5,12
2025,Clarion,6,5,11
2025,Stony Brook,6,6,12
2025,Nebraska Kearney,6,5,11
2025,Lehigh,12,1,13
2025,Case Western Reserve,4,5,10
2025,Catholic,3,7,10
2025,Sam Houston,2,10,12
2025,Valdosta State,6,4,10
2025,Eastern New Mexico,3,8,11
2025,Moravian,2,8,10
2025,Fitchburg State,3,7,10
2025,Grand Valley State,7,3,10
2025,Long Island University,6,6,12
2025,Southern Virginia,6,4,10
2025,Concord,4,7,11
2025,Johns Hopkins,12,1,13
2025,Buffalo State,1,9,10
2025,East Stroudsburg,8,3,11
2025,Post,4,6,10
2025,Tufts,4,5,9
2025,Franklin Pierce,6,4,10
2025,Shorter,2,9,11
2025,Michigan,9,3,12
2025,Bowie State,3,7,10
2025,Mount St Joseph,6,5,11
2025,Plymouth State,8,2,10
2025,Susquehanna,10,3,13
2025,Centre,5,5,10
2025,North Carolina Central,8,4,12
2025,Buffalo,5,7,12
2025,Yale,9,3,12
2025,East Tennessee State,7,5,12
2025,Furman,6,6,12
2025,Kansas,5,7,12
2025,Nebraska,7,5,12
2025,Nicholls,4,8,12
2025,Virginia Union,9,2,11
2025,Henderson State,8,3,11
2025,Bluefield State,3,7,10
2025,New Mexico,9,3,12
2025,Albright,4,6,10
2025,Lenoir Rhyne,6,5,11
2025,Virginia Tech,3,9,12
2025,Baldwin Wallace,8,2,10
2025,California (PA),8,4,12
2025,Union,8,2,10
2025,Curry,8,3,11
2025,Tarleton State,12,2,14
2025,Lake Forest,7,3,10
2025,Mary Hardin Baylor,7,3,10
2025,Prairie View A&M,10,3,13
2025,Abilene Christian,9,5,14
2025,Nebraska Wesleyan,1,9,10
2025,Vermont State Castleton,2,8,10
2025,North Dakota,8,6,14
2025,Illinois College,8,3,11
2025,Hendrix,6,4,10
2025,Holy Cross,3,9,12
2025,Fairmont State,6,5,11
2025,New England,8,2,10
2025,Nevada,3,9,12
2025,Wisconsin Stout,6,5,11
2025,Utah,10,2,12
2025,Hillsdale,6,6,12
2025,Kentucky,5,7,12
2025,Tiffin,7,4,11
2025,Ohio Northern,8,3,11
2025,Wisconsin River Falls,12,1,13
2025,Central Michigan,7,5,12
2025,Colorado Mesa,6,5,11
2025,Pace,0,11,11
2025,Maryland,4,8,12
2025,Brown,5,5,10
2025,Ohio Dominican,5,5,10
2025,Southwestern Oklahoma State,6,5,11
2025,Wyoming,4,8,12
2025,Cal Lutheran,6,4,10
2025,Mass Maritime,5,5,10
2025,Cincinnati,7,5,12
2025,Guilford,2,8,10
2025,Wabash,9,2,11
2025,Southern Arkansas,8,3,11
2025,Texas State,6,6,12
2025,Georgetown,6,6,12
2025,Southern Miss,7,5,12
2025,Northeastern State,7,3,10
2025,Davenport,5,5,11
2025,Augustana (SD),9,2,11
2025,Denison,6,4,10
2025,Fort Hays,6,5,11
2025,Edinboro,7,4,11
2025,Miles,3,8,11
2025,Misericordia,7,4,11
2025,UTSA,6,6,12
2025,Boston College,2,10,12
2025,Frostburg State,10,3,13
2025,Claremont Mudd Scripps,5,5,10
2025,Mount Union,11,1,12
2025,Lincoln (PA),0,10,10
2025,Virginia,10,3,13
2025,Oregon State,2,10,12
2025,Grove City,8,2,10
2025,East Central,6,5,11
2025,McKendree,4,6,10
2025,Wagner,5,7,12
2025,Bluffton,5,5,10
2025,Lincoln (MO),2,9,11
2025,Wheeling,6,5,11
2025,Huntingdon,6,4,10
2025,Portland State,1,11,12
2025,Bridgewater State,5,5,10
2025,Bates,2,7,9
2025,Northern Colorado,4,8,12
2025,Martin Luther,5,5,10
2025,Winston-Salem State,4,6,10
2025,Hamline,1,9,10
2025,Lock Haven,6,5,11
2025,UC Davis,9,4,13
2025,Fresno State,8,4,12
2025,Utah State,6,6,12
2025,Coast Guard,7,3,10
2025,Millsaps,6,4,10
2025,Tulsa,4,8,12
2025,Iowa,8,4,12
2025,Southeast Missouri State,4,8,12
2025,Missouri State,7,5,12
2025,UConn,9,3,12
2025,South Florida,9,3,12
2025,Lawrence,0,9,10
2025,Indianapolis,10,2,12
2025,Concordia (MN),7,3,10
2025,Florida A&M,5,7,12
2025,Carleton,6,4,10
2025,Alabama A&M,4,8,12
2025,Greenville,4,5,10
2025,Harvard,9,2,11
2025,Pittsburg State,9,3,12
2025,West Texas,8,4,12
2025,Lycoming,5,6,11
2025,Allegheny,4,6,10
2025,St. Olaf,4,6,10
2025,St. Thomas (MN),7,5,12
2025,Auburn,5,7,12
2025,Anna Maria College,7,3,10
2025,SUNY Morrisville,0,10,10
2025,Minnesota Duluth,10,1,11
2025,Oklahoma Baptist,2,9,11
2025,Crown,7,3,10
2025,Minot State,3,8,11
2025,Weber State,4,8,12
2025,App State,5,7,12
2025,Randolph Macon,9,1,10
2025,Shenandoah,8,3,11
2025,University of Mary,4,7,11
2025,West Liberty,3,8,11
2025,Charlotte,1,11,12
2025,Emporia State,5,6,11
2025,Missouri,8,4,12
2025,West Virginia,4,8,12
2025,Muskingum,4,6,10
2025,Colorado School of Mines,7,4,11
2025,Trine,5,5,10
2025,Baylor,5,7,12
2025,Central Arkansas,3,9,12
2025,Ithaca,8,2,10
2025,Ohio State,12,1,13
2025,Washington,8,4,12
2025,Thiel,1,9,10
2025,Calvin,7,3,10
2025,Southwestern U,4,6,10
2025,Michigan State,4,8,12
2025,Central Washington,10,1,11
2025,Merrimack,4,8,12
2025,Bowling Green,4,8,12
2025,UNLV,10,3,13
2025,Endicott,9,1,10
2025,TCU,8,4,12
2025,LSU,7,5,12
2025,Oregon,11,1,12
2025,McDaniel,1,9,10
2025,South Dakota Mines,3,8,11
2025,Massachusetts,0,12,12
2025,William Jewell,3,8,11
2025,Northwood,9,2,11
2025,Pomona Pitzer,5,5,10
2025,Ouachita Baptist,7,4,11
2025,Livingstone,5,5,10
2025,Texas,9,3,12
2025,Indiana,13,0,13
2025,Loras,3,7,10
2025,Grambling,7,5,12
2025,Minnesota Morris,3,7,10
2025,Saint John's (MN),9,2,11
2025,Carson Newman,7,3,10
2025,Whitworth,8,2,10
2025,Waynesburg,4,6,10
2025,Bowdoin,2,7,9
2025,UT Permian Basin,10,3,13
2025,Benedictine (IL),7,3,10
2025,UCLA,3,9,12
2025,Ohio,8,4,12
2025,Willamette,1,9,10
2025,Anderson (IN),2,8,10
2025,Juniata,2,8,10
2025,Dubuque,4,6,10
2025,Kansas State,6,6,12
2025,Anderson (SC),5,6,11
2025,Howard Payne,4,6,10
2025,Northern State,7,4,11
2025,Williams,5,4,9
2025,Concordia (WI),9,1,10
2025,Western Michigan,9,4,13
2025,Southern Utah,7,5,12
2025,Lebanon Valley,6,5,11
2025,Montana,13,1,14
2025,Thomas More,1,10,11
2025,Jackson State,9,3,12
2025,Millikin,3,7,10
2025,Missouri Western,3,8,11
2025,Colby,6,3,9
2025,Montclair State,5,5,10
2025,Ripon,5,5,10
2025,Pacific (OR),3,7,10
2025,Clark Atlanta,3,7,10
2025,Allen,6,5,11
2025,Western Oregon,8,3,11
2025,Centenary (LA),1,8,9
2025,Western New England,6,4,10
2025,Marietta,5,5,10
2025,Washington and Lee,7,4,11
2025,Rhode Island,11,3,14
2025,Florida Atlantic,4,8,12
2025,Chadron State,8,3,11
2025,Christopher Newport,10,1,11
2025,Belhaven,6,4,10
2025,Cornell,4,6,10
2025,Methodist,1,9,10
2025,Simpson (IA),6,4,10
2025,Aurora,8,3,11
2025,Alfred State,5,5,10
2025,Old Dominion,9,3,12
2025,Southeastern Oklahoma State,5,6,11
2025,Westfield State,3,7,10
2025,Lincoln (CA),0,8,11
2025,Wingate,9,2,11
2025,North Carolina,4,8,12
2025,Illinois,8,4,12
2025,Elmhurst,1,9,10
2025,Wheaton (IL),10,3,13
2025,Benedict,9,3,12
2025,Central Missouri,5,6,11
2025,Marshall,5,7,12
2025,Eastern Michigan,4,8,12
2025,UNC Pembroke,8,3,11
2025,Black Hills State,3,8,11
2025,UT Martin,6,6,12
2025,Maryville (TN),7,3,10
2025,American International,2,8,10
2025,Worcester State,3,7,10
2025,Western New Mexico,2,9,11
2025,Northern Illinois,3,9,12
2025,Saint Francis,0,11,11
2025,Idaho,4,8,12
2025,Colorado,3,9,12
2025,SE Louisiana,9,4,13
2025,Kent State,5,7,12
2025,Ohio Wesleyan,3,7,10
2025,Salve Regina,6,4,10
2025,Widener,4,6,10
2025,Dean,0,10,10
2025,Alcorn State,5,7,12
2025,Colgate,5,7,12
2025,North Dakota State,12,1,13
2025,Wittenberg,4,6,10
2025,Northwestern,6,6,12
2025,NC State,7,5,12
2025,Ole Miss,11,1,12
2025,Seton Hill,4,7,11
2025,Rose Hulman,3,7,10
2025,Liberty,4,8,12
2025,Virginia State,6,4,10
2025,Sul Ross State,0,11,11
2025,Morehouse,3,7,10
2025,Bucknell,5,7,12
2025,Shepherd,7,4,11
2025,New Hampshire,8,5,13
2025,Hiram,3,7,10
2025,The Citadel,4,8,12
2025,Penn State,6,6,12
2025,Brevard,6,4,10
2025,MIT,6,3,9
2025,Newberry,11,2,13
2025,Arkansas-Pine Bluff,3,8,11
2025,Westminster (PA),8,3,11
2025,Utica,8,3,11
2025,William Paterson,2,8,10
2025,William & Mary,7,5,12
2025,Kutztown,13,1,14
2025,Drake,8,4,12
2025,Albany State,11,2,13
2025,Wofford,6,6,12
2025,Louisville,8,4,12
2025,Rice,5,7,12
2025,Luther,0,10,10
2025,Missouri S&T,5,5,10
2025,South Carolina,4,8,12
2025,WPI,2,8,10
2025,Fordham,1,11,12
2025,Erskine,1,10,11
2025,Angelo State,6,5,11
2025,Geneva,6,5,11
2025,UT Rio Grande Valley,9,3,12
2025,Western Carolina,7,5,12
2025,Texas Lutheran,6,4,10
2025,Trinity (TX),9,2,11
2025,Morehead State,6,6,12
2025,Illinois State,11,4,15
2025,Southern Illinois,7,5,12
2025,Southern Connecticut State,4,6,10
2025,Delaware State,8,4,12
2025,Albion,3,7,10
2025,Catawba,7,4,11
2025,Jamestown,1,9,10
2025,Cornell (IA),4,6,10
2025,Dickinson,5,6,11
2025,Tusculum,1,9,10
2025,Framingham State,7,3,10
2025,Puget Sound,1,9,10
2025,Chicago,7,3,10
2025,Columbia,2,8,10
2025,Kentucky State,9,2,11
2025,Sewanee,3,7,10
2025,Central College,8,2,10
2025,Wooster,5,5,10
2025,James Madison,12,1,13
2025,Pacific Lutheran,6,4,10
2025,Lamar,8,5,13
2025,West Virginia State,5,6,11
2025,Otterbein,1,9,10
2025,Stanford,4,8,12
2025,Muhlenberg,8,3,11
2025,Ball State,4,8,12
2025,Hilbert,0,10,10
2025,UAlbany,2,10,12
2025,Bryant,3,9,12
2025,Rockford,1,9,10
2025,Walsh,6,5,11
2025,Fort Valley State,4,6,10
2025,Georgia State,1,11,12
2025,Trinity (CT),7,2,9
2025,Cal Poly,4,8,12
2025,Central Connecticut,8,5,13
2025,Delta State,7,3,10
2025,West Alabama,5,4,11
2025,Howard,5,7,12
2025,George Fox,4,6,10
2025,UAB,4,8,12
2025,East Carolina,8,4,12
2025,Texas Tech,12,1,13
2025,Oklahoma,10,2,12
