Team	Mkt O/U	SP+ Rk	SP+ Rtg	RetProd%	Ret Off%	Ret Def%	TARP net	TARP off	TARP def	Collin Proj	Proj−Mkt	6-Win%	SOS Rk	Pool Conf	game_count	game_delta	bye_count	byes	home	road	max_road_streak	cupcakes	sos_proxy	anchor_on_anchor	pod_upside_status
Air Force	7.5	79	-2.4	59	42	75	3.0	-1.5	4.5					MWC	12	0	1	3	7	5	1	1	5.7		pending-pod
Akron	4.5	127	-19.5	40	44	37	-0.5	-3.0	2.5					MAC	12	0	1	9	6	6	2	1	5.9		pending-pod
Alabama	8.5	11	18.2	48	35	61	-2.0	-4.0	2.0					SEC	12	0	1	9	7	5	2	1	6.9		pending-pod
Appalachian State	5.5	111	-12.1	34	30	39	-3.0	-3.0	0.0	5.0	-0.5			Sun Belt	12	0	1	5	6	6	1	1	5.8		pending-pod
Arizona	7.5	30	10.2	60	66	55	-0.5	-0.5	0.0					Big 12	12	0	1	7	7	5	1	1	6.6		pending-pod
Arizona State	6.5	42	6.4	51	53	49	2.0	2.0	0.0					Big 12	12	0	1	4	6	6	2	1	7.2		pending-pod
Arkansas	4.5	47	5.0	55	55	55	6.5	3.0	3.5					Pac12	12	0	1	8	7	5	1	1	7.5	wk3 vs Georgia(9.5); wk5 @ Texas A&M(8.5); wk12 @ Texas(9.5); wk13 vs LSU(8.5)	pod-loaded
Arkansas State	6.5	101	-8.5	49	52	45	1.5	3.5	-2.0	6.5	0.0			Sun Belt	12	0	1	9	6	6	2	1	5.6		pod-loaded
Army	7.5	83	-3.0	50	67	33	-1.0	2.0	-3.0					AAC	12	0	2	3&11	7	5	2	1	6.5		pending-pod
Auburn	6.5	26	11.2	57	56	58	7.0	6.0	1.0					SEC	12	0	1	6	7	5	2	1	6.7		pending-pod
BYU	8.5	18	15.5	64	59	69	8.5	4.0	4.5					Big 12	12	0	1	4	7	5	2	1	6.5		pending-pod
Ball State	3.5	134	-25.2	36	47	24	-3.5	-2.5	-1.0					MAC	12	0	1	9	5	7	2	1	5.9		pending-pod
Baylor	6.5	51	4.5	53	44	62	1.5	-0.5	2.0					Big 12	12	0	1	6	6	6	2	1	6.6		pending-pod
Boise State	7.5	39	6.8	57	60	55	-0.5	0.0	-0.5	7.0	-0.5			Pac12	13	+1	1	7	6	5	2	1	6.2	wk1 @ Oregon(10.5); wk2 vs Memphis(7.5); wk4 @ Western Michigan(7.5)	pod-loaded
Boston College	3.5	74	-1.5	50	44	57	-0.5	-3.0	2.5					MWC	12	0	1	6	6	6	2	1	7.0	wk11 @ Notre Dame(11.5); wk13 @ Miami(10.5)	pending-pod
Bowling Green	4.5	115	-13.3	35	32	38	-5.5	-4.5	-1.0					MAC	12	0	1	10	6	6	2	1	5.6		pending-pod
Buffalo	5.5	110	-11.9	30	26	33	-7.5	-6.0	-1.5					MAC	12	0	1	9	6	6	2	2	5.9		pending-pod
California	6.5	56	3.7	58	70	45	4.0	6.0	-2.0					ACC	12	0	1	10	7	5	3	1	6.6		pending-pod
Central Michigan	6.5	113	-12.4	46	62	29	0.5	3.0	-2.5					MAC	12	0	1	9	6	6	2	1	6.2		pending-pod
Charlotte	2.5	138	-32.4	43	52	34	-1.0	0.0	-1.0					AAC	12	0	1	8	6	6	2	1	6.4		pending-pod
Cincinnati	5.5	50	4.5	57	57	56	2.5	1.0	1.5					Big 12	12	0	1	6	7	5	2	1	7.0		pending-pod
Clemson	7.5	23	12.8	53	46	61	0.0	-1.5	1.5					ACC	12	0	1	6	7	5	2	1	6.4		pending-pod
Coastal Carolina	4.5	119	-13.8	42	39	44	0.5	1.5	-1.0	4.2	-0.3			Sun Belt	12	0	1	8	6	6	2	1	6.6		pod-loaded
Colorado	4.5	65	0.9	55	57	53	11.0	6.0	5.0					Big 12	12	0	1	6	6	6	2	1	7.1		pending-pod
Colorado State	3.5	99	-8.3	46	38	54	3.5	3.5	0.0	2.8	-0.7			Pac12	13	+1	1	6	7	5	2	2	6.2	wk4 @ UTSA(7.5); wk10 vs Boise State(7.5)	pod-loaded
Delaware	6.5	114	-13.0	62	62	62	-0.5	0.5	-1.0					CUSA	12	0	1	6	6	6	2	1	6.0		pending-pod
Duke	5.5	44	5.7	49	48	51	-3.0	-3.0	0.0					ACC	12	0	1	5	6	6	2	1	6.5		pending-pod
EMU	5.5	121	-15.0	62	59	64	-6.0	-4.5	-1.5					MAC	12	0	2	9&11	6	6	2	1	5.3		pending-pod
East Carolina	7.5	76	-2.0	42	33	50	-8.0	-6.0	-2.0					AAC	12	0	1	5	6	6	2	1	6.0		pending-pod
Florida	7.5	19	14.9	66	55	77	11.0	6.0	5.0					SEC	12	0	1	8	6	6	2	1	6.9		pending-pod
Florida Atlantic	5.5	94	-7.1	64	62	65	6.0	3.0	3.0					AAC	12	0	1	6	6	6	1	1	6.4		pending-pod
Florida Intl	6.5	118	-13.7	47	43	50	4.0	2.0	2.0					CUSA	12	0	1	5	6	6	2	1	5.9		pending-pod
Florida State	6.5	35	8.8	57	57	57	6.0	3.0	3.0					ACC	12	0	2	2&8	7	5	2	1	7.4		pending-pod
Fresno State	6.5	78	-2.3	53	52	54	-3.0	-2.0	-1.0	4.5	-2.0			Pac12	13	+1	1	8	6	6	2	1	5.3	wk6 vs Boise State(7.5)	pod-loaded
Georgia	9.5	4	25.5	68	63	72	8.0	3.0	5.0					SEC	12	0	1	8	8	4	1	1	6.7		pending-pod
Georgia Southern	4.5	103	-8.9	43	23	62	-4.5	-5.5	1.0	4.2	-0.3			Sun Belt	12	0	1	8	6	6	2	1	6.7		pod-loaded
Georgia State	4.5	133	-25.1	38	48	27	1.5	0.0	1.5	3.9	-0.6			Sun Belt	12	0	1	6	6	6	2	1	6.1		pod-loaded
Georgia Tech	6.5	43	6.0	49	37	61	0.5	-4.0	4.5					ACC	12	0	1	5	7	5	1	1	6.3		pending-pod
Hawaii	7.5	84	-3.9	45	54	37	-3.0	0.0	-3.0					MWC	12	0	2	3&9	6	6	2	0	5.0		pending-pod
Houston	8.5	36	8.2	65	71	58	7.0	6.0	1.0					Big 12	12	0	1	9	6	6	2	1	6.4		pending-pod
Illinois	7.5	33	9.3	50	52	47	3.0	4.0	-1.0					Big Ten	12	0	1	7	7	5	1	1	6.2		pending-pod
Indiana	10.5	5	24.5	56	54	58	7.5	5.0	2.5					Big Ten	12	0	1	10	8	4	2	1	6.6		pending-pod
Iowa	7.5	22	13.6	44	48	40	-3.0	-2.0	-1.0					Big Ten	12	0	1	7	7	5	2	1	6.3		pending-pod
Iowa State	4.5	64	1.0	45	44	46	-7.0	-6.0	-1.0					Big 12	12	0	1	7	7	5	2	1	6.8		pending-pod
Jacksonville State	7.5	98	-7.7	57	60	54	3.0	1.5	1.5					CUSA	12	0	2	5&8	6	6	1	1	5.3		pending-pod
James Madison	8.5	77	-2.1	30	27	32	-10.0	-6.0	-4.0	8.0	-0.5			Sun Belt	12	0	1	12	6	6	2	1	5.9	wk1 vs Liberty(8.5); wk5 vs Marshall(7.5); wk9 vs Troy(6.5)	pod-loaded
Kansas	5.5	57	3.7	58	49	67	3.5	-0.5	4.0					Big 12	12	0	1	4	7	5	2	1	6.6		pending-pod
Kansas State	8.5	29	10.4	58	65	51	5.5	3.0	2.5					Big 12	12	0	1	5	7	5	2	1	6.1		pending-pod
Kennesaw State	6.5	105	-9.3	49	42	55	-4.0	-3.0	-1.0					CUSA	12	0	1	5	6	6	2	1	6.0		pending-pod
Kent State	3.5	128	-20.1	48	57	39	7.5	3.5	4.0					MAC	12	0	1	10	5	7	2	1	6.2		pending-pod
Kentucky	4.5	53	3.8	46	40	52	-0.5	-1.0	0.5					SEC	12	0	1	9	7	5	1	1	7.3		pending-pod
LSU	8.5	10	20.2	61	61	60	10.5	6.0	4.5					SEC	12	0	1	9	7	5	2	1	6.8		pending-pod
Liberty	8.5	93	-6.4	57	64	50	1.0	1.0	0.0					CUSA	12	0	1	7	6	6	2	1	5.3		pending-pod
Louisiana Tech	5.5	100	-8.3	56	64	48	6.0	4.5	1.5	5.0	-0.5			Sun Belt	12	0	1	4	6	6	2	1	6.1		pod-loaded
Louisville	8.5	27	11.0	53	52	55	0.5	-0.5	1.0					ACC	12	0	1	8	6	6	2	1	6.0		pending-pod
Marshall	7.5	92	-6.4	48	61	36	-0.5	1.5	-2.0	7.6	0.1			Sun Belt	12	0	1	7	6	6	2	1	5.5	wk5 @ James Madison(8.5); wk9 @ Old Dominion(7.5)	pod-loaded
Maryland	5.5	55	3.8	71	68	74	10.0	5.0	5.0					Big Ten	12	0	1	8	7	5	2	1	6.7		pending-pod
Memphis	7.5	70	-1.1	42	44	39	-6.0	-6.0	0.0					AAC	12	0	2	4&10	6	6	2	1	6.5		pending-pod
Miami	10.5	8	21.0	49	48	51	4.5	3.0	1.5					ACC	12	0	1	6	7	5	2	1	6.2		pending-pod
Miami-OH	7.5	81	-2.9	49	45	52	-1.5	-1.0	-0.5					MAC	12	0	1	9	6	6	2	1	5.4		pending-pod
Michigan	8.5	14	16.1	63	72	55	4.5	6.0	-1.5					Big Ten	12	0	1	6	8	4	1	0	7.3		pending-pod
Michigan State	4.5	67	0.4	46	48	45	-3.5	-1.5	-2.0					Pac12	12	0	1	9	7	5	2	0	7.3	wk1 vs Toledo(7.5); wk3 @ Notre Dame(11.5); wk12 vs Oregon(10.5)	pod-loaded
Middle Tennessee	3.5	135	-26.0	36	34	37	-3.5	-3.0	-0.5					CUSA	12	0	1	6	6	6	2	1	6.1		pending-pod
Minnesota	6.5	45	5.2	68	71	65	8.0	3.5	4.5					Big Ten	12	0	1	7	7	5	1	1	6.7		pending-pod
Mississippi State	4.5	52	3.9	48	44	52	1.0	1.5	-0.5					SEC	12	0	1	6	7	5	2	1	7.0		pending-pod
Missouri	6.5	20	14.8	49	59	40	-1.0	0.0	-1.0					SEC	12	0	1	8	7	5	2	1	6.9		pending-pod
Missouri State	4.5	126	-18.7	34	25	44	-3.0	-2.0	-1.0					CUSA	12	0	1	5	6	6	2	1	6.8		pending-pod
NC State	7.5	48	4.9	54	62	46	2.5	3.5	-1.0					ACC	12	0	2	1&7	7	5	2	1	5.8		pending-pod
Navy	7.5	63	1.1	47	33	61	-2.0	-3.5	1.5					AAC	12	0	2	3&11	6	6	3	1	6.3		pending-pod
Nebraska	6.5	37	7.7	69	69	69	11.0	6.0	5.0					Big Ten	12	0	1	8	7	5	2	1	7.1		pending-pod
Nevada	4.5	112	-12.2	48	57	39	-3.0	-3.0	0.0					MWC	12	0	1	5	6	6	2	1	5.8		pending-pod
New Mexico	7.5	68	-0.5	63	68	58	-1.5	0.0	-1.5					MWC	12	0	1	6	6	6	2	1	5.9		pending-pod
New Mexico State	4.5	123	-16.4	51	46	55	-2.0	-3.5	1.5					CUSA	12	0	2	3&7	6	6	2	1	6.2		pending-pod
North Carolina	4.5	54	3.8	44	47	42	-4.0	-3.0	-1.0					ACC	12	0	2	1&4	6	6	2	1	7.5		pending-pod
North Dakota State		72	-1.4	52	45	60								MWC	12	0	2	4&10	6	6	2	1	5.8		pending-pod
North Texas	5.5	109	-11.8	32	28	35	-8.0	-5.0	-3.0					AAC	12	0	1	7	6	6	2	1	6.1		pending-pod
Northern Illinois	3.5	125	-18.2	48	68	28	2.5	5.0	-2.5					MWC	12	0	1	5	5	7	2	1	6.0		pending-pod
Northwestern	5.5	49	4.6	57	57	58	3.5	2.0	1.5					Big Ten	12	0	1	2	7	5	2	1	7.0		pending-pod
Notre Dame	11.5	3	25.8	72	67	77	5.5	0.5	5.0					CUSA	12	0	1	8	7	5	2	0	5.8	wk9 @ Navy(7.5); wk10 vs Miami(10.5)	pending-pod
Ohio	6.5	117	-13.6	33	18	48	-2.5	-4.5	2.0					MAC	12	0	1	9	6	6	2	1	5.7		pending-pod
Ohio State	9.5	1	31.8	60	71	50	10.5	6.0	4.5					Big Ten	12	0	1	8	7	5	2	0	7.3		pending-pod
Oklahoma	7.5	12	17.2	65	75	55	8.0	6.0	2.0					SEC	12	0	1	5	7	5	1	0	7.0		pending-pod
Oklahoma State	6.5	38	7.1	58	62	53	10.0	6.0	4.0					Pac12	12	0	1	5	6	6	2	1	6.9	wk2 vs Oregon(10.5); wk11 vs Texas Tech(10.5)	pod-loaded
Old Dominion	7.5	88	-5.8	40	23	58	-3.5	-6.0	2.5	7.4	-0.1			Sun Belt	12	0	1	11	6	6	2	1	5.8	wk3 vs East Carolina(7.5); wk4 @ James Madison(8.5); wk9 @ Marshall(7.5)	pod-loaded
Ole Miss	7.5	16	15.9	61	61	62	4.5	-0.5	5.0					SEC	12	0	1	5	8	4	2	1	7.0		pending-pod
Oregon	10.5	2	28.3	66	65	66	11.0	6.0	5.0					Big Ten	12	0	1	5	7	5	1	1	7.1		pending-pod
Oregon State	4.5	91	-6.3	47	49	44	-1.0	-2.0	1.0	3.8	-0.7			Pac12	13	+1	1	8	6	5	2	1	6.2	wk2 vs Texas Tech(10.5); wk11 @ Boise State(7.5)	pod-loaded
Penn State	8.5	17	15.7	52	50	53	11.0	6.0	5.0					Big Ten	12	0	1	8	7	5	1	0	6.3		pending-pod
Pittsburgh	7.5	41	6.5	58	60	56	-1.0	-1.0	0.0					ACC	12	0	1	10	7	5	2	1	6.4		pending-pod
Purdue	3.5	82	-2.9	58	61	55	3.0	3.0	0.0					Pac12	12	0	1	8	7	5	1	1	7.6	wk4 vs Notre Dame(11.5); wk13 @ Indiana(10.5)	pod-loaded
Rice	3.5	120	-14.7	39	40	38	2.5	3.5	-1.0					AAC	12	0	1	9	6	6	2	1	7.0		pending-pod
Rutgers	4.5	62	1.8	47	49	46	-5.5	-3.0	-2.5					Big Ten	12	0	1	6	7	5	2	1	6.4		pending-pod
SMU	8.5	28	10.9	62	66	58	6.0	4.5	1.5					ACC	12	0	1	6	7	5	2	1	6.2		pending-pod
Sacramento State	4.5	130	-22.7	32	21	42								MAC	12	0	2	5&12	6	6	2	1	5.4		pending-pod
Sam Houston	3.5	136	-26.3	49	52	46	-1.5	-0.5	-1.0					CUSA	12	0	1	5	6	6	2	1	6.4		pending-pod
San Diego State	6.5	71	-1.3	59	76	43	0.0	2.5	-2.5					Pac12	13	+1	1	10	6	5	1	1	6.0	wk3 vs James Madison(8.5); wk4 @ Toledo(7.5); wk12 @ Boise State(7.5)	pod-loaded
San José State	4.5	122	-15.5	24	24	23	-8.5	-5.0	-3.5					MWC	13	+1	1	4	7	6	2	1	6.1		pending-pod
South Alabama	5.5	116	-13.3	44	51	37	1.0	1.0	0.0	5.6	0.1			Sun Belt	12	0	1	7	6	6	2	1	5.9		pod-loaded
South Carolina	6.5	24	12.1	68	76	61	9.5	6.0	3.5					SEC	12	0	1	7	7	5	1	1	6.7		pending-pod
South Florida	8.5	80	-2.8	41	47	36	-9.0	-6.0	-3.0					AAC	12	0	1	8	7	5	1	1	6.0		pending-pod
Southern Mississippi	3.5	131	-23.3	22	23	20	-6.5	-5.5	-1.0	3.0	-0.5			Sun Belt	12	0	1	5	6	6	2	1	6.4		pod-loaded
Stanford	3.5	75	-1.9	60	58	62	-3.5	-2.0	-1.5					ACC	12	0	2	2&10	6	6	3	1	7.7		pending-pod
Syracuse	4.5	69	-0.7	62	56	67	11.0	6.0	5.0					MWC	12	0	1	4	6	6	3	1	7.1	wk13 vs Notre Dame(11.5)	pending-pod
TCU	6.5	34	9.1	51	44	58	-4.0	-3.0	-1.0					Big 12	12	0	2	1&6	8	4	1	1	7.0		pending-pod
Temple	5.5	102	-8.7	53	62	43	-1.0	-0.5	-0.5					AAC	12	0	1	8	7	5	2	1	6.3		pending-pod
Tennessee	7.5	15	16.0	62	58	65	5.0	0.0	5.0					SEC	12	0	1	9	7	5	1	1	6.9		pending-pod
Texas	9.5	6	23.7	68	73	63	10.5	6.0	4.5					SEC	12	0	1	5	7	5	2	0	7.2		pending-pod
Texas A&M	8.5	9	20.3	65	67	63	8.5	3.5	5.0					SEC	12	0	1	9	7	5	2	1	6.8		pending-pod
Texas State	6.5	89	-5.9	56	70	43	2.0	2.5	-0.5	7.5	1.0			Pac12	13	+1	1	6	7	4	2	1	6.0	wk1 @ Texas(9.5); wk2 vs UTSA(7.5); wk9 @ Boise State(7.5)	pod-loaded
Texas Tech	10.5	7	23.1	65	67	64	11.0	6.0	5.0					Big 12	12	0	1	6	7	5	2	1	6.0		pending-pod
Toledo	7.5	108	-11.5	33	42	25	-9.0	-4.5	-4.5					MAC	12	0	1	9	7	5	1	1	5.1		pending-pod
Troy	6.5	90	-6.0	39	47	32	-4.0	-0.5	-3.5	7.4	0.9			Sun Belt	12	0	1	5	6	6	2	1	5.4		pod-loaded
Tulane	7.5	87	-5.5	40	28	52	-4.5	-4.0	-0.5					AAC	12	0	1	5	6	6	1	0	5.9		pending-pod
Tulsa	5.5	96	-7.6	62	64	60	2.5	0.5	2.0					AAC	12	0	1	9	6	6	2	1	5.6		pending-pod
UAB	3.5	124	-18.1	35	32	38	-3.5	-3.0	-0.5					AAC	12	0	1	8	6	6	1	1	6.4		pending-pod
UCF	5.5	60	2.3	61	61	60	7.0	6.0	1.0					Big 12	12	0	1	7	7	5	2	1	6.3		pending-pod
UCLA	6.5	46	5.1	67	73	61	11.0	6.0	5.0					Big Ten	12	0	1	5	7	5	2	0	6.6		pending-pod
UConn	5.5	107	-11.2	31	25	37	-9.5	-6.0	-3.5					CUSA	12	0	1	7	7	5	2	1	5.7	wk4 @ Miami-OH(7.5); wk9 @ Air Force(7.5); wk11 vs James Madison(8.5); wk12 vs Old Dominion(7.5)	pending-pod
UL Lafayette	7.5	104	-9.1	49	63	35	1.5	3.5	-2.0	8.0	0.5			Sun Belt	12	0	1	9	6	6	1	1	5.0		pod-loaded
UL Monroe	3.5	132	-24.3	51	63	40	3.0	4.0	-1.0	3.0	-0.5			Sun Belt	12	0	1	6	6	6	2	1	5.6		pod-loaded
UMASS	2.5	137	-30.9	46	49	43	0.5	0.5	0.0					MAC	12	0	1	9	6	6	2	2	5.3		pending-pod
UNLV	7.5	59	2.8	40	40	40	-5.0	-3.5	-1.5					MWC	12	0	2	3&8	6	6	3	0	5.9		pending-pod
USC	8.5	13	16.8	65	67	64	6.5	2.5	4.0					Big Ten	12	0	2	7&10	7	5	2	0	7.3		pending-pod
UTEP	3.5	129	-20.5	35	27	43	-2.0	-1.0	-1.0					MWC	12	0	1	8	6	6	2	1	6.1		pending-pod
UTSA	7.5	73	-1.5	54	64	44	3.0	3.0	0.0					AAC	12	0	1	9	6	6	2	1	6.0		pending-pod
Utah	8.5	25	11.9	55	55	55	3.0	2.0	1.0					Big 12	12	0	1	5	7	5	2	1	6.0		pending-pod
Utah State	4.5	97	-7.7	48	40	55	-3.5	-3.0	-0.5	4.5	0.0			Pac12	13	+1	1	7	6	6	2	2	6.2	wk5 @ Boise State(7.5)	pod-loaded
Vanderbilt	5.5	31	10.0	44	38	49	-3.0	-2.0	-1.0					SEC	12	0	1	9	7	5	2	1	6.8		pending-pod
Virginia	7.5	40	6.6	59	55	62	0.5	-1.5	2.0					ACC	12	0	2	1&10	8	4	1	1	6.1		pending-pod
Virginia Tech	6.5	32	9.4	69	71	67	10.0	6.0	4.0					ACC	12	0	1	9	6	6	2	1	6.8		pending-pod
Wake Forest	5.5	58	3.6	53	45	61	-0.5	-0.5	0.0					ACC	12	0	1	8	6	6	2	1	6.6		pending-pod
Washington	7.5	21	14.5	65	69	61	3.5	3.0	0.5					Big Ten	12	0	1	8	7	5	2	1	6.9		pending-pod
Washington State	4.5	85	-5.3	42	48	36	-4.0	-1.5	-2.5	5.1	0.6			Pac12	13	+1	1	10	6	6	2	2	6.3		pod-loaded
West Virginia	5.5	66	0.8	52	57	46	3.0	6.0	-3.0					Big 12	12	0	1	9	7	5	2	1	6.9		pending-pod
Western Kentucky	6.5	86	-5.3	32	37	26	-5.0	-1.5	-3.5					CUSA	12	0	1	8	5	7	3	1	6.3		pending-pod
Western Michigan	7.5	95	-7.2	51	60	42	-1.5	1.0	-2.5					MAC	12	0	1	10	6	6	2	1	5.9		pending-pod
Wisconsin	6.5	61	1.8	59	61	57	11.0	6.0	5.0					Big Ten	12	0	1	6	6	6	2	1	6.6		pending-pod
Wyoming	5.5	106	-9.6	40	43	36	-3.0	0.0	-3.0					MWC	12	0	1	9	6	6	2	1	5.7		pending-pod
