Team	Mkt O/U	SP+ Rk	SP+ Rtg	RetProd%	Ret Off%	Ret Def%	TARP net	TARP off	TARP def	Collin Proj	Proj−Mkt	6-Win%	SOS Rk
Ohio State	9.5	1	31.8	60	71	50	10.5	6.0	4.5				
Oregon	10.5	2	28.3	66	65	66	11.0	6.0	5.0				
Notre Dame	11.5	3	25.8	72	67	77	5.5	0.5	5.0				
Georgia	9.5	4	25.5	68	63	72	8.0	3.0	5.0				
Indiana	10.5	5	24.5	56	54	58	7.5	5.0	2.5				
Texas	9.5	6	23.7	68	73	63	10.5	6.0	4.5				
Texas Tech	10.5	7	23.1	65	67	64	11.0	6.0	5.0				
Miami	10.5	8	21.0	49	48	51	4.5	3.0	1.5				
Texas A&M	8.5	9	20.3	65	67	63	8.5	3.5	5.0				
LSU	8.5	10	20.2	61	61	60	10.5	6.0	4.5				
Alabama	8.5	11	18.2	48	35	61	-2.0	-4.0	2.0				
Oklahoma	7.5	12	17.2	65	75	55	8.0	6.0	2.0				
USC	8.5	13	16.8	65	67	64	6.5	2.5	4.0				
Michigan	8.5	14	16.1	63	72	55	4.5	6.0	-1.5				
Tennessee	7.5	15	16.0	62	58	65	5.0	0.0	5.0				
Ole Miss	7.5	16	15.9	61	61	62	4.5	-0.5	5.0				
Penn State	8.5	17	15.7	52	50	53	11.0	6.0	5.0				
BYU	8.5	18	15.5	64	59	69	8.5	4.0	4.5				
Florida	7.5	19	14.9	66	55	77	11.0	6.0	5.0				
Missouri	6.5	20	14.8	49	59	40	-1.0	0.0	-1.0				
Washington	7.5	21	14.5	65	69	61	3.5	3.0	0.5				
Iowa	7.5	22	13.6	44	48	40	-3.0	-2.0	-1.0				
Clemson	7.5	23	12.8	53	46	61	0.0	-1.5	1.5				
South Carolina	6.5	24	12.1	68	76	61	9.5	6.0	3.5				
Utah	8.5	25	11.9	55	55	55	3.0	2.0	1.0				
Auburn	6.5	26	11.2	57	56	58	7.0	6.0	1.0				
Louisville	8.5	27	11.0	53	52	55	0.5	-0.5	1.0				
SMU	8.5	28	10.9	62	66	58	6.0	4.5	1.5				
Kansas State	8.5	29	10.4	58	65	51	5.5	3.0	2.5				
Arizona	7.5	30	10.2	60	66	55	-0.5	-0.5	0.0				
Vanderbilt	5.5	31	10.0	44	38	49	-3.0	-2.0	-1.0				
Virginia Tech	6.5	32	9.4	69	71	67	10.0	6.0	4.0				
Illinois	7.5	33	9.3	50	52	47	3.0	4.0	-1.0				
TCU	6.5	34	9.1	51	44	58	-4.0	-3.0	-1.0				
Florida State	6.5	35	8.8	57	57	57	6.0	3.0	3.0				
Houston	8.5	36	8.2	65	71	58	7.0	6.0	1.0				
Nebraska	6.5	37	7.7	69	69	69	11.0	6.0	5.0				
Oklahoma State	6.5	38	7.1	58	62	53	10.0	6.0	4.0				
Boise State	7.5	39	6.8	57	60	55	-0.5	0.0	-0.5	7.0	-0.5		
Virginia	7.5	40	6.6	59	55	62	0.5	-1.5	2.0				
Pittsburgh	7.5	41	6.5	58	60	56	-1.0	-1.0	0.0				
Arizona State	6.5	42	6.4	51	53	49	2.0	2.0	0.0				
Georgia Tech	6.5	43	6.0	49	37	61	0.5	-4.0	4.5				
Duke	5.5	44	5.7	49	48	51	-3.0	-3.0	0.0				
Minnesota	6.5	45	5.2	68	71	65	8.0	3.5	4.5				
UCLA	6.5	46	5.1	67	73	61	11.0	6.0	5.0				
Arkansas	4.5	47	5.0	55	55	55	6.5	3.0	3.5				
NC State	7.5	48	4.9	54	62	46	2.5	3.5	-1.0				
Northwestern	5.5	49	4.6	57	57	58	3.5	2.0	1.5				
Cincinnati	5.5	50	4.5	57	57	56	2.5	1.0	1.5				
Baylor	6.5	51	4.5	53	44	62	1.5	-0.5	2.0				
Mississippi State	4.5	52	3.9	48	44	52	1.0	1.5	-0.5				
Kentucky	4.5	53	3.8	46	40	52	-0.5	-1.0	0.5				
North Carolina	4.5	54	3.8	44	47	42	-4.0	-3.0	-1.0				
Maryland	5.5	55	3.8	71	68	74	10.0	5.0	5.0				
California	6.5	56	3.7	58	70	45	4.0	6.0	-2.0				
Kansas	5.5	57	3.7	58	49	67	3.5	-0.5	4.0				
Wake Forest	5.5	58	3.6	53	45	61	-0.5	-0.5	0.0				
UNLV	7.5	59	2.8	40	40	40	-5.0	-3.5	-1.5				
UCF	5.5	60	2.3	61	61	60	7.0	6.0	1.0				
Wisconsin	6.5	61	1.8	59	61	57	11.0	6.0	5.0				
Rutgers	4.5	62	1.8	47	49	46	-5.5	-3.0	-2.5				
Navy	7.5	63	1.1	47	33	61	-2.0	-3.5	1.5				
Iowa State	4.5	64	1.0	45	44	46	-7.0	-6.0	-1.0				
Colorado	4.5	65	0.9	55	57	53	11.0	6.0	5.0				
West Virginia	5.5	66	0.8	52	57	46	3.0	6.0	-3.0				
Michigan State	4.5	67	0.4	46	48	45	-3.5	-1.5	-2.0				
New Mexico	7.5	68	-0.5	63	68	58	-1.5	0.0	-1.5				
Syracuse	4.5	69	-0.7	62	56	67	11.0	6.0	5.0				
Memphis	7.5	70	-1.1	42	44	39	-6.0	-6.0	0.0				
San Diego State	6.5	71	-1.3	59	76	43	0.0	2.5	-2.5				
North Dakota State		72	-1.4	52	45	60							
UTSA	7.5	73	-1.5	54	64	44	3.0	3.0	0.0				
Boston College	3.5	74	-1.5	50	44	57	-0.5	-3.0	2.5				
Stanford	3.5	75	-1.9	60	58	62	-3.5	-2.0	-1.5				
East Carolina	7.5	76	-2.0	42	33	50	-8.0	-6.0	-2.0				
James Madison	8.5	77	-2.1	30	27	32	-10.0	-6.0	-4.0	8.0	-0.5		
Fresno State	6.5	78	-2.3	53	52	54	-3.0	-2.0	-1.0	4.5	-2.0		
Air Force	7.5	79	-2.4	59	42	75	3.0	-1.5	4.5				
South Florida	8.5	80	-2.8	41	47	36	-9.0	-6.0	-3.0				
Miami-OH	7.5	81	-2.9	49	45	52	-1.5	-1.0	-0.5				
Purdue	3.5	82	-2.9	58	61	55	3.0	3.0	0.0				
Army	7.5	83	-3.0	50	67	33	-1.0	2.0	-3.0				
Hawaii	7.5	84	-3.9	45	54	37	-3.0	0.0	-3.0				
Washington State	4.5	85	-5.3	42	48	36	-4.0	-1.5	-2.5	5.1	0.6		
Western Kentucky	6.5	86	-5.3	32	37	26	-5.0	-1.5	-3.5				
Tulane	7.5	87	-5.5	40	28	52	-4.5	-4.0	-0.5				
Old Dominion	7.5	88	-5.8	40	23	58	-3.5	-6.0	2.5	7.4	-0.1		
Texas State	6.5	89	-5.9	56	70	43	2.0	2.5	-0.5	7.5	1.0		
Troy	6.5	90	-6.0	39	47	32	-4.0	-0.5	-3.5	7.4	0.9		
Oregon State	4.5	91	-6.3	47	49	44	-1.0	-2.0	1.0	3.8	-0.7		
Marshall	7.5	92	-6.4	48	61	36	-0.5	1.5	-2.0	7.6	0.1		
Liberty	8.5	93	-6.4	57	64	50	1.0	1.0	0.0				
Florida Atlantic	5.5	94	-7.1	64	62	65	6.0	3.0	3.0				
Western Michigan	7.5	95	-7.2	51	60	42	-1.5	1.0	-2.5				
Tulsa	5.5	96	-7.6	62	64	60	2.5	0.5	2.0				
Utah State	4.5	97	-7.7	48	40	55	-3.5	-3.0	-0.5	4.5	0.0		
Jacksonville State	7.5	98	-7.7	57	60	54	3.0	1.5	1.5				
Colorado State	3.5	99	-8.3	46	38	54	3.5	3.5	0.0	2.8	-0.7		
Louisiana Tech	5.5	100	-8.3	56	64	48	6.0	4.5	1.5	5.0	-0.5		
Arkansas State	6.5	101	-8.5	49	52	45	1.5	3.5	-2.0	6.5	0.0		
Temple	5.5	102	-8.7	53	62	43	-1.0	-0.5	-0.5				
Georgia Southern	4.5	103	-8.9	43	23	62	-4.5	-5.5	1.0	4.2	-0.3		
UL Lafayette	7.5	104	-9.1	49	63	35	1.5	3.5	-2.0	8.0	0.5		
Kennesaw State	6.5	105	-9.3	49	42	55	-4.0	-3.0	-1.0				
Wyoming	5.5	106	-9.6	40	43	36	-3.0	0.0	-3.0				
UConn	5.5	107	-11.2	31	25	37	-9.5	-6.0	-3.5				
Toledo	7.5	108	-11.5	33	42	25	-9.0	-4.5	-4.5				
North Texas	5.5	109	-11.8	32	28	35	-8.0	-5.0	-3.0				
Buffalo	5.5	110	-11.9	30	26	33	-7.5	-6.0	-1.5				
Appalachian State	5.5	111	-12.1	34	30	39	-3.0	-3.0	0.0	5.0	-0.5		
Nevada	4.5	112	-12.2	48	57	39	-3.0	-3.0	0.0				
Central Michigan	6.5	113	-12.4	46	62	29	0.5	3.0	-2.5				
Delaware	6.5	114	-13.0	62	62	62	-0.5	0.5	-1.0				
Bowling Green	4.5	115	-13.3	35	32	38	-5.5	-4.5	-1.0				
South Alabama	5.5	116	-13.3	44	51	37	1.0	1.0	0.0	5.6	0.1		
Ohio	6.5	117	-13.6	33	18	48	-2.5	-4.5	2.0				
Florida Intl	6.5	118	-13.7	47	43	50	4.0	2.0	2.0				
Coastal Carolina	4.5	119	-13.8	42	39	44	0.5	1.5	-1.0	4.2	-0.3		
Rice	3.5	120	-14.7	39	40	38	2.5	3.5	-1.0				
EMU	5.5	121	-15.0	62	59	64	-6.0	-4.5	-1.5				
San José State	4.5	122	-15.5	24	24	23	-8.5	-5.0	-3.5				
New Mexico State	4.5	123	-16.4	51	46	55	-2.0	-3.5	1.5				
UAB	3.5	124	-18.1	35	32	38	-3.5	-3.0	-0.5				
Northern Illinois	3.5	125	-18.2	48	68	28	2.5	5.0	-2.5				
Missouri State	4.5	126	-18.7	34	25	44	-3.0	-2.0	-1.0				
Akron	4.5	127	-19.5	40	44	37	-0.5	-3.0	2.5				
Kent State	3.5	128	-20.1	48	57	39	7.5	3.5	4.0				
UTEP	3.5	129	-20.5	35	27	43	-2.0	-1.0	-1.0				
Sacramento State	4.5	130	-22.7	32	21	42							
Southern Mississippi	3.5	131	-23.3	22	23	20	-6.5	-5.5	-1.0	3.0	-0.5		
UL Monroe	3.5	132	-24.3	51	63	40	3.0	4.0	-1.0	3.0	-0.5		
Georgia State	4.5	133	-25.1	38	48	27	1.5	0.0	1.5	3.9	-0.6		
Ball State	3.5	134	-25.2	36	47	24	-3.5	-2.5	-1.0				
Middle Tennessee	3.5	135	-26.0	36	34	37	-3.5	-3.0	-0.5				
Sam Houston	3.5	136	-26.3	49	52	46	-1.5	-0.5	-1.0				
UMASS	2.5	137	-30.9	46	49	43	0.5	0.5	0.0				
Charlotte	2.5	138	-32.4	43	52	34	-1.0	0.0	-1.0				
